[1789299943] stream session error: failed to connect websocket
[1789299948] stream session error: failed to connect websocket
[1789299953] stream session error: failed to connect websocket
[1789299959] stream session error: failed to connect websocket
[1789299964] stream session error: failed to connect websocket
[1789299969] stream session error: failed to connect websocket
[1789299972] websocket connected
[1789300037] websocket read error: IO error: An existing connection was forcibly closed by the remote host. (os error 10054)
[1789300037] stream session ended cleanly
[1789300042] stream session error: failed to connect websocket
[1789300047] stream session error: failed to connect websocket
[1789300052] stream session error: failed to connect websocket
[1789300057] stream session error: failed to connect websocket
[1789300062] stream session error: failed to connect websocket
[1789300068] stream session error: failed to connect websocket
[1789300073] stream session error: failed to connect websocket
[1789300078] stream session error: failed to connect websocket
[1789300083] stream session error: failed to connect websocket
[1789300088] stream session error: failed to connect websocket
[1789300093] stream session error: failed to connect websocket
[1789300098] stream session error: failed to connect websocket
[1789300103] stream session error: failed to connect websocket
[1789300108] stream session error: failed to connect websocket
[1789300113] websocket connected
[1789300131] websocket read error: IO error: An existing connection was forcibly closed by the remote host. (os error 10054)
[1789300131] stream session ended cleanly
[1789300136] stream session error: failed to connect websocket
[1789300142] stream session error: failed to connect websocket
[1789300147] stream session error: failed to connect websocket
[1789300152] stream session error: failed to connect websocket
[1789300157] stream session error: failed to connect websocket
[1789300162] stream session error: failed to connect websocket
[1789300167] stream session error: failed to connect websocket
[1789300172] stream session error: failed to connect websocket
[1789300177] stream session error: failed to connect websocket
[1789300182] stream session error: failed to connect websocket
[1789300187] stream session error: failed to connect websocket
[1789300192] stream session error: failed to connect websocket
[1789300197] stream session error: failed to connect websocket
[1789300203] stream session error: failed to connect websocket
[1789300208] stream session error: failed to connect websocket
[1789300213] stream session error: failed to connect websocket
[1789300218] stream session error: failed to connect websocket
[1789300223] stream session error: failed to connect websocket
[1789300228] stream session error: failed to connect websocket
[1789300233] stream session error: failed to connect websocket
[1789300238] stream session error: failed to connect websocket
[1789300243] stream session error: failed to connect websocket
[1789300248] stream session error: failed to connect websocket
[1789300253] stream session error: failed to connect websocket
[1789300258] stream session error: failed to connect websocket
[1789300263] stream session error: failed to connect websocket
[1789300269] stream session error: failed to connect websocket
[1789300274] stream session error: failed to connect websocket
[1789300279] stream session error: failed to connect websocket
[1789300284] stream session error: failed to connect websocket
[1789300289] stream session error: failed to connect websocket
[1789300294] stream session error: failed to connect websocket
[1789300299] stream session error: failed to connect websocket
[1789300304] stream session error: failed to connect websocket
[1789300309] stream session error: failed to connect websocket
[1789300314] stream session error: failed to connect websocket
[1789300319] stream session error: failed to connect websocket
[1789300324] stream session error: failed to connect websocket
[1789300329] stream session error: failed to connect websocket
[1789300335] stream session error: failed to connect websocket
[1789300340] stream session error: failed to connect websocket
[1789300345] stream session error: failed to connect websocket
[1789300350] stream session error: failed to connect websocket
[1789300355] stream session error: failed to connect websocket
[1789300421] stream session error: failed to connect websocket
[1789300426] websocket connected
[1789300427] [diag] sent fps: 4, avg capture (incl. encode): 205.76ms, avg send: 0.21ms
[1789300428] [diag] sent fps: 5, avg capture (incl. encode): 165.38ms, avg send: 0.24ms
[1789300429] [diag] sent fps: 5, avg capture (incl. encode): 166.29ms, avg send: 0.25ms
[1789300431] [diag] sent fps: 5, avg capture (incl. encode): 164.98ms, avg send: 0.19ms
[1789300432] [diag] sent fps: 5, avg capture (incl. encode): 164.22ms, avg send: 0.32ms
[1789300433] [diag] sent fps: 5, avg capture (incl. encode): 171.53ms, avg send: 0.24ms
[1789300434] [diag] sent fps: 4, avg capture (incl. encode): 179.76ms, avg send: 0.29ms
[1789300435] [diag] sent fps: 5, avg capture (incl. encode): 162.75ms, avg send: 0.27ms
[1789300436] [diag] sent fps: 5, avg capture (incl. encode): 162.38ms, avg send: 0.26ms
[1789300438] [diag] sent fps: 5, avg capture (incl. encode): 159.88ms, avg send: 0.26ms
[1789300439] [diag] sent fps: 4, avg capture (incl. encode): 186.57ms, avg send: 0.25ms
[1789300440] [diag] sent fps: 5, avg capture (incl. encode): 163.27ms, avg send: 0.28ms
[1789300441] [diag] sent fps: 5, avg capture (incl. encode): 158.80ms, avg send: 0.24ms
[1789300442] [diag] sent fps: 5, avg capture (incl. encode): 158.81ms, avg send: 0.18ms
[1789300443] [diag] sent fps: 5, avg capture (incl. encode): 157.53ms, avg send: 0.19ms
[1789300444] [diag] sent fps: 5, avg capture (incl. encode): 157.63ms, avg send: 0.20ms
[1789300446] [diag] sent fps: 5, avg capture (incl. encode): 160.82ms, avg send: 0.36ms
[1789300447] [diag] sent fps: 5, avg capture (incl. encode): 165.62ms, avg send: 0.25ms
[1789300448] [diag] sent fps: 5, avg capture (incl. encode): 157.48ms, avg send: 0.22ms
[1789300449] [diag] sent fps: 5, avg capture (incl. encode): 155.69ms, avg send: 0.17ms
[1789300450] [diag] sent fps: 5, avg capture (incl. encode): 154.54ms, avg send: 0.20ms
[1789300451] [diag] sent fps: 5, avg capture (incl. encode): 156.14ms, avg send: 0.19ms
[1789300453] [diag] sent fps: 5, avg capture (incl. encode): 159.82ms, avg send: 0.15ms
[1789300454] [diag] sent fps: 5, avg capture (incl. encode): 162.75ms, avg send: 0.20ms
[1789300455] [diag] sent fps: 5, avg capture (incl. encode): 157.43ms, avg send: 0.22ms
[1789300456] [diag] sent fps: 5, avg capture (incl. encode): 153.25ms, avg send: 0.18ms
[1789300457] [diag] sent fps: 5, avg capture (incl. encode): 160.93ms, avg send: 0.27ms
[1789300459] [diag] sent fps: 5, avg capture (incl. encode): 157.75ms, avg send: 0.22ms
[1789300460] [diag] sent fps: 5, avg capture (incl. encode): 159.08ms, avg send: 0.38ms
[1789300461] [diag] sent fps: 5, avg capture (incl. encode): 161.20ms, avg send: 0.17ms
[1789300462] [diag] sent fps: 5, avg capture (incl. encode): 177.66ms, avg send: 0.29ms
[1789300463] websocket read error: IO error: An existing connection was forcibly closed by the remote host. (os error 10054)
[1789300463] stream session ended cleanly
[1789300468] stream session error: failed to connect websocket
[1789300473] stream session error: failed to connect websocket
[1789300478] stream session error: failed to connect websocket
[1789300483] stream session error: failed to connect websocket
[1789300488] stream session error: failed to connect websocket
[1789300493] stream session error: failed to connect websocket
[1789300499] stream session error: failed to connect websocket
[1789300504] stream session error: failed to connect websocket
[1789300509] stream session error: failed to connect websocket
[1789300514] stream session error: failed to connect websocket
[1789300519] stream session error: failed to connect websocket
[1789300524] stream session error: failed to connect websocket
[1789300529] stream session error: failed to connect websocket
[1789300534] stream session error: failed to connect websocket
[1789300539] stream session error: failed to connect websocket
[1789300544] stream session error: failed to connect websocket
[1789300549] stream session error: failed to connect websocket
[1789300554] stream session error: failed to connect websocket
[1789300559] stream session error: failed to connect websocket
[1789300564] stream session error: failed to connect websocket
[1789300570] stream session error: failed to connect websocket
[1789300575] stream session error: failed to connect websocket
[1789300580] stream session error: failed to connect websocket
[1789300585] stream session error: failed to connect websocket
[1789300590] stream session error: failed to connect websocket
[1789300595] stream session error: failed to connect websocket
[1789300600] stream session error: failed to connect websocket
[1789300605] stream session error: failed to connect websocket
[1789300610] stream session error: failed to connect websocket
[1789300616] stream session error: failed to connect websocket
[1789300621] stream session error: failed to connect websocket
[1789300626] stream session error: failed to connect websocket
[1789300631] stream session error: failed to connect websocket
[1789300636] stream session error: failed to connect websocket
[1789300642] stream session error: failed to connect websocket
[1789300647] stream session error: failed to connect websocket
[1789300652] stream session error: failed to connect websocket
[1789300657] stream session error: failed to connect websocket
[1789300662] stream session error: failed to connect websocket
[1789300667] stream session error: failed to connect websocket
[1789300672] stream session error: failed to connect websocket
[1789300678] stream session error: failed to connect websocket
[1789300683] stream session error: failed to connect websocket
[1789300688] stream session error: failed to connect websocket
[1789300693] stream session error: failed to connect websocket
[1789300698] stream session error: failed to connect websocket
[1789300703] stream session error: failed to connect websocket
[1789300708] stream session error: failed to connect websocket
[1789300713] stream session error: failed to connect websocket
[1789300718] stream session error: failed to connect websocket
[1789300723] stream session error: failed to connect websocket
[1789300728] stream session error: failed to connect websocket
[1789300734] stream session error: failed to connect websocket
[1789300739] stream session error: failed to connect websocket
[1789300744] stream session error: failed to connect websocket
[1789300749] stream session error: failed to connect websocket
[1789300754] stream session error: failed to connect websocket
[1789300759] stream session error: failed to connect websocket
[1789300764] stream session error: failed to connect websocket
[1789300769] stream session error: failed to connect websocket
[1789300774] stream session error: failed to connect websocket
[1789300779] stream session error: failed to connect websocket
[1789300784] stream session error: failed to connect websocket
[1789300789] stream session error: failed to connect websocket
[1789300794] stream session error: failed to connect websocket
[1789300800] stream session error: failed to connect websocket
[1789300805] stream session error: failed to connect websocket
[1789300810] stream session error: failed to connect websocket
[1789300813] websocket connected
[1789300814] [diag] sent fps: 4, avg capture (incl. encode): 201.59ms, avg send: 0.22ms
[1789300815] [diag] sent fps: 5, avg capture (incl. encode): 167.04ms, avg send: 0.26ms
[1789300816] [diag] sent fps: 5, avg capture (incl. encode): 164.48ms, avg send: 0.22ms
[1789300817] [diag] sent fps: 4, avg capture (incl. encode): 175.26ms, avg send: 0.24ms
[1789300818] [diag] sent fps: 5, avg capture (incl. encode): 173.74ms, avg send: 0.36ms
[1789300820] [diag] sent fps: 5, avg capture (incl. encode): 164.90ms, avg send: 0.31ms
[1789300821] [diag] sent fps: 5, avg capture (incl. encode): 157.45ms, avg send: 0.17ms
[1789300822] [diag] sent fps: 5, avg capture (incl. encode): 162.79ms, avg send: 0.26ms
[1789300823] [diag] sent fps: 5, avg capture (incl. encode): 155.92ms, avg send: 0.23ms
[1789300824] [diag] sent fps: 5, avg capture (incl. encode): 157.97ms, avg send: 0.17ms
[1789300826] [diag] sent fps: 5, avg capture (incl. encode): 166.55ms, avg send: 0.18ms
[1789300827] [diag] sent fps: 5, avg capture (incl. encode): 179.98ms, avg send: 0.25ms
[1789300828] [diag] sent fps: 4, avg capture (incl. encode): 241.59ms, avg send: 0.37ms
[1789300829] [diag] sent fps: 4, avg capture (incl. encode): 252.61ms, avg send: 0.26ms
[1789300831] [diag] sent fps: 4, avg capture (incl. encode): 243.09ms, avg send: 0.21ms
[1789300832] [diag] sent fps: 4, avg capture (incl. encode): 241.02ms, avg send: 0.31ms
[1789300833] [diag] sent fps: 4, avg capture (incl. encode): 241.29ms, avg send: 0.26ms
[1789300834] [diag] sent fps: 4, avg capture (incl. encode): 242.42ms, avg send: 0.32ms
[1789300836] [diag] sent fps: 4, avg capture (incl. encode): 241.39ms, avg send: 0.41ms
[1789300837] [diag] sent fps: 4, avg capture (incl. encode): 247.58ms, avg send: 0.28ms
[1789300838] [diag] sent fps: 4, avg capture (incl. encode): 240.50ms, avg send: 0.25ms
[1789300839] [diag] sent fps: 4, avg capture (incl. encode): 245.52ms, avg send: 0.62ms
[1789300841] [diag] sent fps: 4, avg capture (incl. encode): 246.61ms, avg send: 0.31ms
[1789300842] [diag] sent fps: 4, avg capture (incl. encode): 245.54ms, avg send: 0.23ms
[1789300843] [diag] sent fps: 4, avg capture (incl. encode): 236.93ms, avg send: 0.22ms
[1789300845] [diag] sent fps: 4, avg capture (incl. encode): 238.37ms, avg send: 0.18ms
[1789300846] [diag] sent fps: 4, avg capture (incl. encode): 241.28ms, avg send: 0.21ms
[1789300847] [diag] sent fps: 4, avg capture (incl. encode): 239.90ms, avg send: 0.28ms
[1789300848] [diag] sent fps: 4, avg capture (incl. encode): 243.37ms, avg send: 0.29ms
[1789300850] [diag] sent fps: 4, avg capture (incl. encode): 244.92ms, avg send: 0.24ms
[1789300851] [diag] sent fps: 4, avg capture (incl. encode): 250.80ms, avg send: 0.26ms
[1789300852] [diag] sent fps: 4, avg capture (incl. encode): 241.42ms, avg send: 0.22ms
[1789300854] [diag] sent fps: 4, avg capture (incl. encode): 245.72ms, avg send: 0.42ms
[1789300855] [diag] sent fps: 4, avg capture (incl. encode): 242.17ms, avg send: 0.30ms
[1789300856] [diag] sent fps: 4, avg capture (incl. encode): 241.79ms, avg send: 0.28ms
[1789300857] [diag] sent fps: 4, avg capture (incl. encode): 238.98ms, avg send: 0.18ms
[1789300859] [diag] sent fps: 4, avg capture (incl. encode): 240.65ms, avg send: 0.36ms
[1789300860] [diag] sent fps: 4, avg capture (incl. encode): 240.39ms, avg send: 0.26ms
[1789300861] [diag] sent fps: 4, avg capture (incl. encode): 247.54ms, avg send: 1.41ms
[1789300862] [diag] sent fps: 4, avg capture (incl. encode): 239.65ms, avg send: 0.25ms
[1789300864] [diag] sent fps: 4, avg capture (incl. encode): 244.65ms, avg send: 0.35ms
[1789300865] [diag] sent fps: 4, avg capture (incl. encode): 239.58ms, avg send: 0.35ms
[1789300866] websocket read error: IO error: An existing connection was forcibly closed by the remote host. (os error 10054)
[1789300866] stream session ended cleanly
[1789300871] stream session error: failed to connect websocket
[1789300877] stream session error: failed to connect websocket
[1789300882] stream session error: failed to connect websocket
[1789300887] stream session error: failed to connect websocket
[1789300892] stream session error: failed to connect websocket
[1789300897] stream session error: failed to connect websocket
[1789300902] stream session error: failed to connect websocket
[1789300907] stream session error: failed to connect websocket
[1789300912] stream session error: failed to connect websocket
[1789300917] stream session error: failed to connect websocket
[1789300922] stream session error: failed to connect websocket
[1789300927] stream session error: failed to connect websocket
[1789300932] stream session error: failed to connect websocket
[1789300938] stream session error: failed to connect websocket
[1789300943] stream session error: failed to connect websocket
[1789300948] stream session error: failed to connect websocket
[1789300953] stream session error: failed to connect websocket
[1789301105] stream session error: failed to connect websocket
[1789301110] stream session error: failed to connect websocket
[1789301113] websocket connected
[1789301114] [diag] sent fps: 10, avg capture (incl. encode): 38.10ms, avg send: 0.33ms
[1789301115] [diag] sent fps: 11, avg capture (incl. encode): 23.94ms, avg send: 0.39ms
[1789301116] [diag] sent fps: 11, avg capture (incl. encode): 22.70ms, avg send: 0.22ms
[1789301117] [diag] sent fps: 11, avg capture (incl. encode): 23.23ms, avg send: 0.18ms
[1789301118] [diag] sent fps: 11, avg capture (incl. encode): 25.49ms, avg send: 0.35ms
[1789301119] [diag] sent fps: 11, avg capture (incl. encode): 23.86ms, avg send: 0.19ms
[1789301120] [diag] sent fps: 11, avg capture (incl. encode): 24.26ms, avg send: 0.30ms
[1789301121] [diag] sent fps: 11, avg capture (incl. encode): 23.09ms, avg send: 0.26ms
[1789301122] [diag] sent fps: 11, avg capture (incl. encode): 20.90ms, avg send: 0.14ms
[1789301123] [diag] sent fps: 11, avg capture (incl. encode): 19.69ms, avg send: 0.12ms
[1789301124] [diag] sent fps: 11, avg capture (incl. encode): 19.91ms, avg send: 0.09ms
[1789301125] [diag] sent fps: 11, avg capture (incl. encode): 20.83ms, avg send: 0.13ms
[1789301126] [diag] sent fps: 11, avg capture (incl. encode): 20.66ms, avg send: 0.19ms
[1789301127] [diag] sent fps: 11, avg capture (incl. encode): 20.38ms, avg send: 0.13ms
[1789301128] [diag] sent fps: 11, avg capture (incl. encode): 20.89ms, avg send: 0.13ms
[1789301129] [diag] sent fps: 11, avg capture (incl. encode): 19.97ms, avg send: 0.21ms
[1789301130] [diag] sent fps: 11, avg capture (incl. encode): 24.45ms, avg send: 0.26ms
[1789301131] [diag] sent fps: 10, avg capture (incl. encode): 26.04ms, avg send: 0.28ms
[1789301132] websocket read error: IO error: An existing connection was forcibly closed by the remote host. (os error 10054)
[1789301132] stream session ended cleanly
[1789301137] stream session error: failed to connect websocket
[1789301142] stream session error: failed to connect websocket
[1789301148] stream session error: failed to connect websocket
[1789301153] stream session error: failed to connect websocket
[1789301158] stream session error: failed to connect websocket
[1789301163] stream session error: failed to connect websocket
[1789301168] stream session error: failed to connect websocket
[1789301173] stream session error: failed to connect websocket
[1789301178] stream session error: failed to connect websocket
[1789301183] stream session error: failed to connect websocket
[1789301188] stream session error: failed to connect websocket
[1789301193] stream session error: failed to connect websocket
[1789301198] stream session error: failed to connect websocket
[1789301203] stream session error: failed to connect websocket
[1789301209] stream session error: failed to connect websocket
[1789301214] stream session error: failed to connect websocket
[1789301219] stream session error: failed to connect websocket
[1789301224] stream session error: failed to connect websocket
[1789301229] stream session error: failed to connect websocket
[1789301234] stream session error: failed to connect websocket
[1789301239] stream session error: failed to connect websocket
[1789301244] stream session error: failed to connect websocket
[1789301249] stream session error: failed to connect websocket
[1789301254] stream session error: failed to connect websocket
[1789301259] stream session error: failed to connect websocket
[1789301264] stream session error: failed to connect websocket
[1789301270] stream session error: failed to connect websocket
[1789301275] stream session error: failed to connect websocket
[1789301280] stream session error: failed to connect websocket
[1789301285] stream session error: failed to connect websocket
[1789301290] stream session error: failed to connect websocket
[1789301295] stream session error: failed to connect websocket
[1789301300] stream session error: failed to connect websocket
[1789301305] stream session error: failed to connect websocket
[1789301310] stream session error: failed to connect websocket
[1789301315] stream session error: failed to connect websocket
[1789301320] stream session error: failed to connect websocket
[1789301326] stream session error: failed to connect websocket
[1789301331] stream session error: failed to connect websocket
[1789301336] stream session error: failed to connect websocket
[1789301341] stream session error: failed to connect websocket
[1789301346] stream session error: failed to connect websocket
[1789301351] stream session error: failed to connect websocket
[1789301356] stream session error: failed to connect websocket
[1789301361] stream session error: failed to connect websocket
[1789301366] stream session error: failed to connect websocket
[1789301371] stream session error: failed to connect websocket
[1789301376] stream session error: failed to connect websocket
[1789301381] stream session error: failed to connect websocket
[1789301386] stream session error: failed to connect websocket
[1789301392] stream session error: failed to connect websocket
[1789301397] stream session error: failed to connect websocket
[1789301402] stream session error: failed to connect websocket
[1789301407] stream session error: failed to connect websocket
[1789301412] stream session error: failed to connect websocket
[1789301417] stream session error: failed to connect websocket
[1789301422] stream session error: failed to connect websocket
[1789301427] stream session error: failed to connect websocket
[1789301432] stream session error: failed to connect websocket
[1789301437] stream session error: failed to connect websocket
[1789301442] stream session error: failed to connect websocket
[1789301448] stream session error: failed to connect websocket
[1789301453] stream session error: failed to connect websocket
[1789301458] stream session error: failed to connect websocket
[1789301463] stream session error: failed to connect websocket
[1789301468] stream session error: failed to connect websocket
[1789301473] stream session error: failed to connect websocket
[1789301478] stream session error: failed to connect websocket
[1789301483] stream session error: failed to connect websocket
[1789301488] stream session error: failed to connect websocket
[1789301493] stream session error: failed to connect websocket
[1789301498] stream session error: failed to connect websocket
[1789301503] stream session error: failed to connect websocket
[1789301666] stream session error: failed to connect websocket
[1789301669] websocket connected
[1789301670] [diag] sent fps: 19, avg capture (incl. encode): 29.92ms, avg send: 0.29ms
[1789301671] [diag] sent fps: 22, avg capture (incl. encode): 21.92ms, avg send: 0.21ms
[1789301672] [diag] sent fps: 22, avg capture (incl. encode): 21.60ms, avg send: 0.22ms
[1789301673] [diag] sent fps: 22, avg capture (incl. encode): 21.70ms, avg send: 0.22ms
[1789301674] [diag] sent fps: 22, avg capture (incl. encode): 21.98ms, avg send: 0.29ms
[1789301675] [diag] sent fps: 22, avg capture (incl. encode): 21.49ms, avg send: 0.24ms
[1789301676] [diag] sent fps: 22, avg capture (incl. encode): 21.30ms, avg send: 0.22ms
[1789301677] [diag] sent fps: 22, avg capture (incl. encode): 21.49ms, avg send: 0.18ms
[1789301678] [diag] sent fps: 22, avg capture (incl. encode): 21.07ms, avg send: 0.28ms
[1789301679] [diag] sent fps: 22, avg capture (incl. encode): 20.82ms, avg send: 0.18ms
[1789301680] [diag] sent fps: 22, avg capture (incl. encode): 21.33ms, avg send: 0.24ms
[1789301681] [diag] sent fps: 22, avg capture (incl. encode): 21.03ms, avg send: 0.21ms
[1789301682] [diag] sent fps: 22, avg capture (incl. encode): 20.50ms, avg send: 0.24ms
[1789301683] [diag] sent fps: 22, avg capture (incl. encode): 21.16ms, avg send: 0.18ms
[1789301685] [diag] sent fps: 22, avg capture (incl. encode): 20.64ms, avg send: 0.24ms
[1789301686] [diag] sent fps: 22, avg capture (incl. encode): 20.57ms, avg send: 0.20ms
[1789301687] [diag] sent fps: 22, avg capture (incl. encode): 21.52ms, avg send: 0.28ms
[1789301688] [diag] sent fps: 21, avg capture (incl. encode): 21.99ms, avg send: 0.41ms
[1789301689] [diag] sent fps: 22, avg capture (incl. encode): 20.54ms, avg send: 0.31ms
[1789301690] [diag] sent fps: 22, avg capture (incl. encode): 19.40ms, avg send: 0.21ms
[1789301691] [diag] sent fps: 22, avg capture (incl. encode): 19.16ms, avg send: 0.14ms
[1789301692] [diag] sent fps: 22, avg capture (incl. encode): 20.12ms, avg send: 0.21ms
[1789301693] [diag] sent fps: 22, avg capture (incl. encode): 18.80ms, avg send: 0.17ms
[1789301694] [diag] sent fps: 22, avg capture (incl. encode): 20.30ms, avg send: 0.15ms
[1789301695] [diag] sent fps: 22, avg capture (incl. encode): 18.94ms, avg send: 0.20ms
[1789301696] [diag] sent fps: 22, avg capture (incl. encode): 19.93ms, avg send: 0.14ms
[1789301697] [diag] sent fps: 22, avg capture (incl. encode): 19.41ms, avg send: 0.27ms
[1789301698] [diag] sent fps: 22, avg capture (incl. encode): 20.40ms, avg send: 0.23ms
[1789301699] [diag] sent fps: 22, avg capture (incl. encode): 20.48ms, avg send: 0.36ms
[1789301700] [diag] sent fps: 22, avg capture (incl. encode): 20.17ms, avg send: 0.34ms
[1789301701] [diag] sent fps: 22, avg capture (incl. encode): 21.94ms, avg send: 0.30ms
[1789301702] [diag] sent fps: 22, avg capture (incl. encode): 20.03ms, avg send: 0.29ms
[1789301703] [diag] sent fps: 22, avg capture (incl. encode): 21.68ms, avg send: 0.33ms
[1789301704] [diag] sent fps: 22, avg capture (incl. encode): 21.97ms, avg send: 0.31ms
[1789301705] [diag] sent fps: 22, avg capture (incl. encode): 23.22ms, avg send: 0.28ms
[1789301706] [diag] sent fps: 21, avg capture (incl. encode): 22.76ms, avg send: 0.26ms
[1789301707] [diag] sent fps: 20, avg capture (incl. encode): 25.26ms, avg send: 0.32ms
[1789301708] [diag] sent fps: 22, avg capture (incl. encode): 22.13ms, avg send: 0.36ms
[1789301708] websocket read error: IO error: An existing connection was forcibly closed by the remote host. (os error 10054)
[1789301709] stream session ended cleanly
[1789301714] stream session error: failed to connect websocket
[1789301719] stream session error: failed to connect websocket
[1789301724] stream session error: failed to connect websocket
[1789301729] stream session error: failed to connect websocket
[1789301734] stream session error: failed to connect websocket
[1789301739] stream session error: failed to connect websocket
[1789301744] stream session error: failed to connect websocket
[1789301749] stream session error: failed to connect websocket
[1789301755] stream session error: failed to connect websocket
[1789301760] stream session error: failed to connect websocket
[1789301765] stream session error: failed to connect websocket
[1789301770] stream session error: failed to connect websocket
[1789301775] stream session error: failed to connect websocket
[1789301780] stream session error: failed to connect websocket
[1789301785] stream session error: failed to connect websocket
[1789301790] stream session error: failed to connect websocket
[1789301795] stream session error: failed to connect websocket
[1789301800] stream session error: failed to connect websocket
[1789301805] stream session error: failed to connect websocket
[1789301811] stream session error: failed to connect websocket
[1789301816] stream session error: failed to connect websocket
[1789301821] stream session error: failed to connect websocket
[1789301826] stream session error: failed to connect websocket
[1789301831] stream session error: failed to connect websocket
[1789301836] stream session error: failed to connect websocket
[1789301841] stream session error: failed to connect websocket
[1789301846] stream session error: failed to connect websocket
[1789301851] stream session error: failed to connect websocket
[1789301856] stream session error: failed to connect websocket
[1789301861] stream session error: failed to connect websocket
[1789301867] stream session error: failed to connect websocket
[1789301872] stream session error: failed to connect websocket
[1789301877] stream session error: failed to connect websocket
[1789301882] stream session error: failed to connect websocket
[1789301887] stream session error: failed to connect websocket
[1789301892] stream session error: failed to connect websocket
[1789301897] stream session error: failed to connect websocket
[1789301902] stream session error: failed to connect websocket
[1789301907] stream session error: failed to connect websocket
[1789301912] stream session error: failed to connect websocket
[1789301918] stream session error: failed to connect websocket
[1789301923] stream session error: failed to connect websocket
[1789301928] stream session error: failed to connect websocket
[1789301933] stream session error: failed to connect websocket
[1789301938] stream session error: failed to connect websocket
[1789301943] stream session error: failed to connect websocket
[1789301948] stream session error: failed to connect websocket
[1789301953] stream session error: failed to connect websocket
[1789301958] stream session error: failed to connect websocket
[1789301963] stream session error: failed to connect websocket
[1789301968] stream session error: failed to connect websocket
[1789301974] stream session error: failed to connect websocket
[1789301979] stream session error: failed to connect websocket
[1789301984] stream session error: failed to connect websocket
[1789301989] stream session error: failed to connect websocket
[1789301994] stream session error: failed to connect websocket
[1789301999] stream session error: failed to connect websocket
[1789302004] stream session error: failed to connect websocket
[1789302009] stream session error: failed to connect websocket
[1789302014] stream session error: failed to connect websocket
[1789302019] stream session error: failed to connect websocket
[1789302024] stream session error: failed to connect websocket
[1789302029] stream session error: failed to connect websocket
[1789302035] stream session error: failed to connect websocket
[1789302040] stream session error: failed to connect websocket
[1789302045] stream session error: failed to connect websocket
[1789302050] stream session error: failed to connect websocket
[1789302055] stream session error: failed to connect websocket
[1789302060] stream session error: failed to connect websocket
[1789302065] stream session error: failed to connect websocket
[1789302070] stream session error: failed to connect websocket
[1789302075] stream session error: failed to connect websocket
[1789302080] stream session error: failed to connect websocket
[1789302085] stream session error: failed to connect websocket
[1789302091] stream session error: failed to connect websocket
[1789302096] stream session error: failed to connect websocket
[1789302101] stream session error: failed to connect websocket
[1789302106] stream session error: failed to connect websocket
[1789302111] stream session error: failed to connect websocket
[1789302116] stream session error: failed to connect websocket
[1789302121] stream session error: failed to connect websocket
[1789302126] stream session error: failed to connect websocket
[1789302131] stream session error: failed to connect websocket
[1789302136] stream session error: failed to connect websocket
[1789407406] stream session error: failed to connect websocket
[1789407411] stream session error: failed to connect websocket
[1789407416] stream session error: failed to connect websocket
[1789407419] websocket connected
[1789407420] [diag] sent fps: 14, avg capture (incl. encode): 47.44ms, avg send: 0.29ms
[1789407421] [diag] sent fps: 17, avg capture (incl. encode): 33.62ms, avg send: 0.13ms
[1789407422] [diag] sent fps: 17, avg capture (incl. encode): 34.47ms, avg send: 0.14ms
[1789407423] [diag] sent fps: 17, avg capture (incl. encode): 33.93ms, avg send: 0.18ms
[1789407424] [diag] sent fps: 17, avg capture (incl. encode): 35.56ms, avg send: 0.17ms
[1789407425] [diag] sent fps: 17, avg capture (incl. encode): 34.88ms, avg send: 0.14ms
[1789407426] [diag] sent fps: 17, avg capture (incl. encode): 35.76ms, avg send: 0.19ms
[1789407427] [diag] sent fps: 17, avg capture (incl. encode): 34.79ms, avg send: 0.18ms
[1789407429] [diag] sent fps: 17, avg capture (incl. encode): 34.89ms, avg send: 0.19ms
[1789407430] [diag] sent fps: 17, avg capture (incl. encode): 35.19ms, avg send: 0.23ms
[1789407431] [diag] sent fps: 17, avg capture (incl. encode): 34.87ms, avg send: 0.18ms
[1789407432] [diag] sent fps: 17, avg capture (incl. encode): 34.23ms, avg send: 0.17ms
[1789407433] [diag] sent fps: 17, avg capture (incl. encode): 34.89ms, avg send: 0.16ms
[1789407434] [diag] sent fps: 17, avg capture (incl. encode): 34.91ms, avg send: 0.17ms
[1789407435] [diag] sent fps: 17, avg capture (incl. encode): 36.98ms, avg send: 0.16ms
[1789407436] [diag] sent fps: 17, avg capture (incl. encode): 34.19ms, avg send: 0.15ms
[1789407437] [diag] sent fps: 17, avg capture (incl. encode): 33.53ms, avg send: 0.12ms
[1789407438] [diag] sent fps: 17, avg capture (incl. encode): 36.80ms, avg send: 0.21ms
[1789407439] [diag] sent fps: 17, avg capture (incl. encode): 34.74ms, avg send: 0.18ms
[1789407440] [diag] sent fps: 17, avg capture (incl. encode): 34.84ms, avg send: 0.17ms
[1789407441] [diag] sent fps: 17, avg capture (incl. encode): 34.27ms, avg send: 0.20ms
[1789407442] [diag] sent fps: 17, avg capture (incl. encode): 35.52ms, avg send: 0.18ms
[1789407443] [diag] sent fps: 17, avg capture (incl. encode): 35.47ms, avg send: 0.20ms
[1789407444] [diag] sent fps: 17, avg capture (incl. encode): 35.61ms, avg send: 0.16ms
[1789407445] [diag] sent fps: 17, avg capture (incl. encode): 34.39ms, avg send: 0.20ms
[1789407446] [diag] sent fps: 17, avg capture (incl. encode): 33.62ms, avg send: 0.24ms
[1789407447] [diag] sent fps: 17, avg capture (incl. encode): 34.60ms, avg send: 0.25ms
[1789407448] [diag] sent fps: 17, avg capture (incl. encode): 35.98ms, avg send: 0.20ms
[1789407449] [diag] sent fps: 17, avg capture (incl. encode): 35.10ms, avg send: 0.20ms
[1789407450] [diag] sent fps: 17, avg capture (incl. encode): 35.08ms, avg send: 0.16ms
[1789407451] [diag] sent fps: 17, avg capture (incl. encode): 34.21ms, avg send: 0.21ms
[1789407452] [diag] sent fps: 17, avg capture (incl. encode): 33.51ms, avg send: 0.21ms
[1789407453] [diag] sent fps: 17, avg capture (incl. encode): 35.09ms, avg send: 0.18ms
[1789407454] [diag] sent fps: 17, avg capture (incl. encode): 34.71ms, avg send: 0.20ms
[1789407455] [diag] sent fps: 17, avg capture (incl. encode): 34.66ms, avg send: 0.22ms
[1789407456] [diag] sent fps: 17, avg capture (incl. encode): 34.67ms, avg send: 0.21ms
[1789407457] [diag] sent fps: 17, avg capture (incl. encode): 36.15ms, avg send: 0.14ms
[1789407458] [diag] sent fps: 17, avg capture (incl. encode): 35.32ms, avg send: 0.15ms
[1789407459] [diag] sent fps: 17, avg capture (incl. encode): 34.77ms, avg send: 0.17ms
[1789407460] [diag] sent fps: 17, avg capture (incl. encode): 34.27ms, avg send: 0.37ms
[1789407461] [diag] sent fps: 17, avg capture (incl. encode): 33.93ms, avg send: 0.26ms
[1789407462] [diag] sent fps: 17, avg capture (incl. encode): 33.34ms, avg send: 0.24ms
[1789407463] [diag] sent fps: 17, avg capture (incl. encode): 36.08ms, avg send: 0.19ms
[1789407464] [diag] sent fps: 16, avg capture (incl. encode): 35.49ms, avg send: 0.25ms
[1789407465] websocket read error: IO error: An existing connection was forcibly closed by the remote host. (os error 10054)
[1789407465] stream session ended cleanly
[1789407470] stream session error: failed to connect websocket
[1789407475] stream session error: failed to connect websocket
[1789407481] stream session error: failed to connect websocket
[1789407486] stream session error: failed to connect websocket
[1789407491] stream session error: failed to connect websocket
[1789407496] stream session error: failed to connect websocket
[1789407501] stream session error: failed to connect websocket
[1789407506] stream session error: failed to connect websocket
[1789407511] stream session error: failed to connect websocket
[1789407516] stream session error: failed to connect websocket
[1789407521] stream session error: failed to connect websocket
[1789407527] stream session error: failed to connect websocket
[1789407532] stream session error: failed to connect websocket
[1789407537] stream session error: failed to connect websocket
[1789407542] stream session error: failed to connect websocket
[1789407547] stream session error: failed to connect websocket
[1789407552] stream session error: failed to connect websocket
[1789407557] stream session error: failed to connect websocket
[1789407562] stream session error: failed to connect websocket
[1789407567] stream session error: failed to connect websocket
[1789407572] stream session error: failed to connect websocket
[1789407577] stream session error: failed to connect websocket
[1789407582] stream session error: failed to connect websocket
[1789407588] stream session error: failed to connect websocket
[1789407593] stream session error: failed to connect websocket
[1789407598] stream session error: failed to connect websocket
[1789407603] stream session error: failed to connect websocket
[1789407608] stream session error: failed to connect websocket
[1789407613] stream session error: failed to connect websocket
[1789407618] stream session error: failed to connect websocket
[1789407623] stream session error: failed to connect websocket
[1789407628] stream session error: failed to connect websocket
[1789407633] stream session error: failed to connect websocket
[1789407639] stream session error: failed to connect websocket
[1789407644] stream session error: failed to connect websocket
[1789407649] stream session error: failed to connect websocket
[1789407654] stream session error: failed to connect websocket
[1789407659] stream session error: failed to connect websocket
[1789407664] stream session error: failed to connect websocket
[1789407669] stream session error: failed to connect websocket
[1789407674] stream session error: failed to connect websocket
[1789407679] stream session error: failed to connect websocket
[1789407684] stream session error: failed to connect websocket
[1789407690] stream session error: failed to connect websocket
[1789407695] stream session error: failed to connect websocket
[1789407700] stream session error: failed to connect websocket
[1789407705] stream session error: failed to connect websocket
[1789407710] stream session error: failed to connect websocket
[1789407715] stream session error: failed to connect websocket
[1789407720] stream session error: failed to connect websocket
[1789407725] stream session error: failed to connect websocket
[1789407730] stream session error: failed to connect websocket
[1789407735] stream session error: failed to connect websocket
[1789407741] stream session error: failed to connect websocket
[1789407746] stream session error: failed to connect websocket
[1789407751] stream session error: failed to connect websocket
[1789407756] stream session error: failed to connect websocket
[1789407761] stream session error: failed to connect websocket
[1789407766] stream session error: failed to connect websocket
[1789407771] stream session error: failed to connect websocket
[1789407776] stream session error: failed to connect websocket
[1789407781] stream session error: failed to connect websocket
[1789407786] stream session error: failed to connect websocket
[1789407791] stream session error: failed to connect websocket
[1789407797] stream session error: failed to connect websocket
[1789407802] stream session error: failed to connect websocket
[1789407807] stream session error: failed to connect websocket
[1789407812] stream session error: failed to connect websocket
[1789407817] stream session error: failed to connect websocket
[1789407822] stream session error: failed to connect websocket
[1789407827] stream session error: failed to connect websocket
[1789407832] stream session error: failed to connect websocket
[1789407837] stream session error: failed to connect websocket
[1789407843] stream session error: failed to connect websocket
[1789407848] stream session error: failed to connect websocket
[1789407853] stream session error: failed to connect websocket
[1789407858] stream session error: failed to connect websocket
[1789407863] stream session error: failed to connect websocket
[1789407868] stream session error: failed to connect websocket
[1789407873] stream session error: failed to connect websocket
[1789407878] stream session error: failed to connect websocket
[1789407883] stream session error: failed to connect websocket
[1789407888] stream session error: failed to connect websocket
[1789407894] stream session error: failed to connect websocket
[1789407899] stream session error: failed to connect websocket
[1789407904] stream session error: failed to connect websocket
[1789407909] stream session error: failed to connect websocket
[1789407914] stream session error: failed to connect websocket
[1789407919] stream session error: failed to connect websocket
[1789407924] stream session error: failed to connect websocket
[1789407929] stream session error: failed to connect websocket
[1789407934] stream session error: failed to connect websocket
[1789407939] stream session error: failed to connect websocket
[1789407945] stream session error: failed to connect websocket
[1789407950] stream session error: failed to connect websocket
[1789407955] stream session error: failed to connect websocket
[1789407960] stream session error: failed to connect websocket
[1789407965] stream session error: failed to connect websocket
[1789407970] stream session error: failed to connect websocket
[1789407975] stream session error: failed to connect websocket
[1789407980] stream session error: failed to connect websocket
[1789407985] stream session error: failed to connect websocket
[1789407990] stream session error: failed to connect websocket
[1789407996] stream session error: failed to connect websocket
[1789408001] stream session error: failed to connect websocket
[1789408006] stream session error: failed to connect websocket
[1789408011] stream session error: failed to connect websocket
[1789408016] stream session error: failed to connect websocket
[1789408021] stream session error: failed to connect websocket
[1789408026] stream session error: failed to connect websocket
[1789408031] stream session error: failed to connect websocket
[1789408036] stream session error: failed to connect websocket
[1789408042] stream session error: failed to connect websocket
[1789408047] stream session error: failed to connect websocket
[1789408052] stream session error: failed to connect websocket
[1789408057] stream session error: failed to connect websocket
[1789408062] stream session error: failed to connect websocket
[1789408067] stream session error: failed to connect websocket
[1789408072] stream session error: failed to connect websocket
[1789408077] stream session error: failed to connect websocket
[1789408082] stream session error: failed to connect websocket
[1789408087] stream session error: failed to connect websocket
[1789408093] stream session error: failed to connect websocket
[1789408098] stream session error: failed to connect websocket
[1789408103] stream session error: failed to connect websocket
[1789408108] stream session error: failed to connect websocket
[1789408113] stream session error: failed to connect websocket
[1789408118] stream session error: failed to connect websocket
[1789408123] stream session error: failed to connect websocket
[1789408128] stream session error: failed to connect websocket
[1789408133] stream session error: failed to connect websocket
[1789408139] stream session error: failed to connect websocket
[1789408144] stream session error: failed to connect websocket
[1789408149] stream session error: failed to connect websocket
[1789408154] stream session error: failed to connect websocket
[1789408159] stream session error: failed to connect websocket
[1789408164] stream session error: failed to connect websocket
[1789408169] stream session error: failed to connect websocket
[1789408174] stream session error: failed to connect websocket
[1789408179] stream session error: failed to connect websocket
[1789408184] stream session error: failed to connect websocket
[1789408190] stream session error: failed to connect websocket
[1789408195] stream session error: failed to connect websocket
[1789408200] stream session error: failed to connect websocket
[1789408205] stream session error: failed to connect websocket
[1789408210] stream session error: failed to connect websocket
[1789408215] stream session error: failed to connect websocket
[1789408220] stream session error: failed to connect websocket
[1789408225] stream session error: failed to connect websocket
[1789408230] stream session error: failed to connect websocket
[1789408235] stream session error: failed to connect websocket
[1789408241] stream session error: failed to connect websocket
[1789408246] stream session error: failed to connect websocket
[1789408251] stream session error: failed to connect websocket
[1789408256] stream session error: failed to connect websocket
[1789408261] stream session error: failed to connect websocket
[1789408266] stream session error: failed to connect websocket
[1789408271] stream session error: failed to connect websocket
[1789408276] stream session error: failed to connect websocket
[1789408281] stream session error: failed to connect websocket
[1789408286] stream session error: failed to connect websocket
[1789408292] stream session error: failed to connect websocket
[1789408297] stream session error: failed to connect websocket
[1789408302] stream session error: failed to connect websocket
[1789408307] stream session error: failed to connect websocket
[1789408312] stream session error: failed to connect websocket
[1789408317] stream session error: failed to connect websocket
[1789408322] stream session error: failed to connect websocket
[1789408327] stream session error: failed to connect websocket
[1789408332] stream session error: failed to connect websocket
[1789408338] stream session error: failed to connect websocket
[1789408343] stream session error: failed to connect websocket
[1789408348] stream session error: failed to connect websocket
[1789408353] stream session error: failed to connect websocket
[1789408358] stream session error: failed to connect websocket
[1789408363] stream session error: failed to connect websocket
[1789408368] stream session error: failed to connect websocket
[1789408373] stream session error: failed to connect websocket
[1789408378] stream session error: failed to connect websocket
[1789408383] stream session error: failed to connect websocket
[1789408389] stream session error: failed to connect websocket
[1789408394] stream session error: failed to connect websocket
[1789408399] stream session error: failed to connect websocket
[1789408404] stream session error: failed to connect websocket
[1789408409] stream session error: failed to connect websocket
[1789408414] stream session error: failed to connect websocket
[1789408419] stream session error: failed to connect websocket
[1789408424] stream session error: failed to connect websocket
[1789408429] stream session error: failed to connect websocket
[1789408434] stream session error: failed to connect websocket
[1789408440] stream session error: failed to connect websocket
[1789408445] stream session error: failed to connect websocket
[1789408450] stream session error: failed to connect websocket
[1789408455] stream session error: failed to connect websocket
[1789408460] stream session error: failed to connect websocket
[1789408465] stream session error: failed to connect websocket
[1789408470] stream session error: failed to connect websocket
[1789408475] stream session error: failed to connect websocket
[1789408480] stream session error: failed to connect websocket
[1789408485] stream session error: failed to connect websocket
[1789408491] stream session error: failed to connect websocket
[1789408496] stream session error: failed to connect websocket
[1789408501] stream session error: failed to connect websocket
[1789408506] stream session error: failed to connect websocket
[1789408511] stream session error: failed to connect websocket
[1789408516] stream session error: failed to connect websocket
[1789408521] stream session error: failed to connect websocket
[1789408526] stream session error: failed to connect websocket
[1789408531] stream session error: failed to connect websocket
[1789408537] stream session error: failed to connect websocket
[1789408542] stream session error: failed to connect websocket
[1789408547] stream session error: failed to connect websocket
[1789408552] stream session error: failed to connect websocket
[1789408557] stream session error: failed to connect websocket
[1789408562] stream session error: failed to connect websocket
[1789408567] stream session error: failed to connect websocket
[1789408572] stream session error: failed to connect websocket
[1789408577] stream session error: failed to connect websocket
[1789408582] stream session error: failed to connect websocket
[1789408588] stream session error: failed to connect websocket
[1789408593] stream session error: failed to connect websocket
[1789408598] stream session error: failed to connect websocket
[1789408603] stream session error: failed to connect websocket
[1789408608] stream session error: failed to connect websocket
[1789408613] stream session error: failed to connect websocket
[1789408618] stream session error: failed to connect websocket
[1789408623] stream session error: failed to connect websocket
[1789408628] stream session error: failed to connect websocket
[1789408634] stream session error: failed to connect websocket
[1789408639] stream session error: failed to connect websocket
[1789408644] stream session error: failed to connect websocket
[1789408649] stream session error: failed to connect websocket
[1789408654] stream session error: failed to connect websocket
[1789408659] stream session error: failed to connect websocket
[1789408664] stream session error: failed to connect websocket
[1789408669] stream session error: failed to connect websocket
[1789408674] stream session error: failed to connect websocket
[1789408679] stream session error: failed to connect websocket
[1789408685] stream session error: failed to connect websocket
[1789408690] stream session error: failed to connect websocket
[1789408695] stream session error: failed to connect websocket
[1789408700] stream session error: failed to connect websocket
[1789408705] stream session error: failed to connect websocket
[1789408710] stream session error: failed to connect websocket
[1789408715] stream session error: failed to connect websocket
[1789408720] stream session error: failed to connect websocket
[1789408725] stream session error: failed to connect websocket
[1789408730] stream session error: failed to connect websocket
[1789408736] stream session error: failed to connect websocket
[1789408741] stream session error: failed to connect websocket
[1789408746] stream session error: failed to connect websocket
[1789408751] stream session error: failed to connect websocket
[1789408756] stream session error: failed to connect websocket
[1789408761] stream session error: failed to connect websocket
[1789408766] stream session error: failed to connect websocket
[1789408771] stream session error: failed to connect websocket
[1789408776] stream session error: failed to connect websocket
[1789408781] stream session error: failed to connect websocket
[1789408787] stream session error: failed to connect websocket
[1789408792] stream session error: failed to connect websocket
[1789408797] stream session error: failed to connect websocket
[1789408802] stream session error: failed to connect websocket
[1789408807] stream session error: failed to connect websocket
[1789408812] stream session error: failed to connect websocket
[1789408817] stream session error: failed to connect websocket
[1789408822] stream session error: failed to connect websocket
[1789408827] stream session error: failed to connect websocket
[1789408833] stream session error: failed to connect websocket
[1789408838] stream session error: failed to connect websocket
[1789408843] stream session error: failed to connect websocket
[1789408848] stream session error: failed to connect websocket
[1789408853] stream session error: failed to connect websocket
[1789408858] stream session error: failed to connect websocket
[1789408863] stream session error: failed to connect websocket
[1789408868] stream session error: failed to connect websocket
[1789408873] stream session error: failed to connect websocket
[1789408878] stream session error: failed to connect websocket
[1789408884] stream session error: failed to connect websocket
[1789408889] stream session error: failed to connect websocket
[1789408894] stream session error: failed to connect websocket
[1789408899] stream session error: failed to connect websocket
[1789408904] stream session error: failed to connect websocket
[1789408909] stream session error: failed to connect websocket
[1789408914] stream session error: failed to connect websocket
[1789408919] stream session error: failed to connect websocket
[1789408924] stream session error: failed to connect websocket
[1789408929] stream session error: failed to connect websocket
[1789408935] stream session error: failed to connect websocket
[1789408940] stream session error: failed to connect websocket
[1789408945] stream session error: failed to connect websocket
[1789408950] stream session error: failed to connect websocket
[1789408955] stream session error: failed to connect websocket
[1789408960] stream session error: failed to connect websocket
[1789408965] stream session error: failed to connect websocket
[1789408970] stream session error: failed to connect websocket
[1789408975] stream session error: failed to connect websocket
[1789408980] stream session error: failed to connect websocket
[1789408986] stream session error: failed to connect websocket
[1789408991] stream session error: failed to connect websocket
[1789408996] stream session error: failed to connect websocket
[1789409001] stream session error: failed to connect websocket
[1789409006] stream session error: failed to connect websocket
[1789409011] stream session error: failed to connect websocket
[1789409016] stream session error: failed to connect websocket
[1789409021] stream session error: failed to connect websocket
[1789409026] stream session error: failed to connect websocket
[1789409032] stream session error: failed to connect websocket
[1789409037] stream session error: failed to connect websocket
[1789409042] stream session error: failed to connect websocket
[1789409047] stream session error: failed to connect websocket
[1789409052] stream session error: failed to connect websocket
[1789409057] stream session error: failed to connect websocket
[1789409062] stream session error: failed to connect websocket
[1789409067] stream session error: failed to connect websocket
[1789409072] stream session error: failed to connect websocket
[1789409077] stream session error: failed to connect websocket
[1789409083] stream session error: failed to connect websocket
[1789409088] stream session error: failed to connect websocket
[1789409093] stream session error: failed to connect websocket
[1789409098] stream session error: failed to connect websocket
[1789409103] stream session error: failed to connect websocket
[1789409108] stream session error: failed to connect websocket
[1789409113] stream session error: failed to connect websocket
[1789409118] stream session error: failed to connect websocket
[1789409123] stream session error: failed to connect websocket
[1789409128] stream session error: failed to connect websocket
[1789409134] stream session error: failed to connect websocket
[1789409139] stream session error: failed to connect websocket
[1789409144] stream session error: failed to connect websocket
[1789409149] stream session error: failed to connect websocket
[1789409154] stream session error: failed to connect websocket
[1789409159] stream session error: failed to connect websocket
[1789409164] stream session error: failed to connect websocket
[1789409169] stream session error: failed to connect websocket
[1789409174] stream session error: failed to connect websocket
[1789409180] stream session error: failed to connect websocket
[1789409185] stream session error: failed to connect websocket
[1789409190] stream session error: failed to connect websocket
[1789409195] stream session error: failed to connect websocket
[1789409200] stream session error: failed to connect websocket
[1789409205] stream session error: failed to connect websocket
[1789409210] stream session error: failed to connect websocket
[1789409215] stream session error: failed to connect websocket
[1789409220] stream session error: failed to connect websocket
[1789409225] stream session error: failed to connect websocket
[1789409231] stream session error: failed to connect websocket
[1789409236] stream session error: failed to connect websocket
[1789409241] stream session error: failed to connect websocket
[1789409246] stream session error: failed to connect websocket
[1789409251] stream session error: failed to connect websocket
[1789409256] stream session error: failed to connect websocket
[1789409261] stream session error: failed to connect websocket
[1789409266] stream session error: failed to connect websocket
[1789409271] stream session error: failed to connect websocket
[1789409276] stream session error: failed to connect websocket
[1789409282] stream session error: failed to connect websocket
[1789409287] stream session error: failed to connect websocket
[1789409292] stream session error: failed to connect websocket
[1789409297] stream session error: failed to connect websocket
[1789409302] stream session error: failed to connect websocket
[1789409307] stream session error: failed to connect websocket
[1789409312] stream session error: failed to connect websocket
[1789409317] stream session error: failed to connect websocket
[1789409322] stream session error: failed to connect websocket
[1789409327] stream session error: failed to connect websocket
[1789409333] stream session error: failed to connect websocket
[1789409338] stream session error: failed to connect websocket
[1789409343] stream session error: failed to connect websocket
[1789409348] stream session error: failed to connect websocket
[1789409353] stream session error: failed to connect websocket
[1789409358] stream session error: failed to connect websocket
[1789409363] stream session error: failed to connect websocket
[1789409368] stream session error: failed to connect websocket
[1789409373] stream session error: failed to connect websocket
[1789409378] stream session error: failed to connect websocket
[1789409384] stream session error: failed to connect websocket
[1789409389] stream session error: failed to connect websocket
[1789409394] stream session error: failed to connect websocket
[1789409399] stream session error: failed to connect websocket
[1789409404] stream session error: failed to connect websocket
[1789409409] stream session error: failed to connect websocket
[1789409414] stream session error: failed to connect websocket
[1789409419] stream session error: failed to connect websocket
[1789409424] stream session error: failed to connect websocket
[1789409429] stream session error: failed to connect websocket
[1789409435] stream session error: failed to connect websocket
[1789409440] stream session error: failed to connect websocket
[1789409445] stream session error: failed to connect websocket
[1789409450] stream session error: failed to connect websocket
[1789409455] stream session error: failed to connect websocket
[1789409460] stream session error: failed to connect websocket
[1789409465] stream session error: failed to connect websocket
[1789409470] stream session error: failed to connect websocket
[1789409475] stream session error: failed to connect websocket
[1789409481] stream session error: failed to connect websocket
[1789409486] stream session error: failed to connect websocket
[1789409491] stream session error: failed to connect websocket
[1789409496] stream session error: failed to connect websocket
[1789409501] stream session error: failed to connect websocket
[1789409506] stream session error: failed to connect websocket
[1789409511] stream session error: failed to connect websocket
[1789409516] stream session error: failed to connect websocket
[1789409521] stream session error: failed to connect websocket
[1789409527] stream session error: failed to connect websocket
[1789409532] stream session error: failed to connect websocket
[1789409537] stream session error: failed to connect websocket
[1789409542] stream session error: failed to connect websocket
[1789409547] stream session error: failed to connect websocket
[1789409552] stream session error: failed to connect websocket
[1789409557] stream session error: failed to connect websocket
[1789409562] stream session error: failed to connect websocket
[1789409567] stream session error: failed to connect websocket
[1789409573] stream session error: failed to connect websocket
[1789409578] stream session error: failed to connect websocket
[1789409583] stream session error: failed to connect websocket
[1789409588] stream session error: failed to connect websocket
[1789409593] stream session error: failed to connect websocket
[1789409598] stream session error: failed to connect websocket
[1789409603] stream session error: failed to connect websocket
[1789409608] stream session error: failed to connect websocket
[1789409613] stream session error: failed to connect websocket
[1789409618] stream session error: failed to connect websocket
[1789409624] stream session error: failed to connect websocket
[1789409629] stream session error: failed to connect websocket
[1789409634] stream session error: failed to connect websocket
[1789409639] stream session error: failed to connect websocket
[1789409644] stream session error: failed to connect websocket
[1789409649] stream session error: failed to connect websocket
[1789409654] stream session error: failed to connect websocket
[1789409659] stream session error: failed to connect websocket
[1789409664] stream session error: failed to connect websocket
[1789409669] stream session error: failed to connect websocket
[1789409675] stream session error: failed to connect websocket
[1789409680] stream session error: failed to connect websocket
[1789409685] stream session error: failed to connect websocket
[1789409690] stream session error: failed to connect websocket
[1789409695] stream session error: failed to connect websocket
[1789409700] stream session error: failed to connect websocket
[1789409705] stream session error: failed to connect websocket
[1789409710] stream session error: failed to connect websocket
[1789409715] stream session error: failed to connect websocket
[1789409721] stream session error: failed to connect websocket
[1789409726] stream session error: failed to connect websocket
[1789409731] stream session error: failed to connect websocket
[1789409736] stream session error: failed to connect websocket
[1789409741] stream session error: failed to connect websocket
[1789409746] stream session error: failed to connect websocket
[1789409751] stream session error: failed to connect websocket
[1789409756] stream session error: failed to connect websocket
[1789409761] stream session error: failed to connect websocket
[1789409767] stream session error: failed to connect websocket
[1789409772] stream session error: failed to connect websocket
[1789409777] stream session error: failed to connect websocket
[1789409782] stream session error: failed to connect websocket
[1789409787] stream session error: failed to connect websocket
[1789409792] stream session error: failed to connect websocket
[1789409797] stream session error: failed to connect websocket
[1789409802] stream session error: failed to connect websocket
[1789409807] stream session error: failed to connect websocket
[1789409812] stream session error: failed to connect websocket
[1789409818] stream session error: failed to connect websocket
[1789409823] stream session error: failed to connect websocket
[1789409828] stream session error: failed to connect websocket
[1789409833] stream session error: failed to connect websocket
[1789409838] stream session error: failed to connect websocket
[1789409843] stream session error: failed to connect websocket
[1789409848] stream session error: failed to connect websocket
[1789409853] stream session error: failed to connect websocket
[1789409858] stream session error: failed to connect websocket
[1789409863] stream session error: failed to connect websocket
[1789409869] stream session error: failed to connect websocket
[1789409874] stream session error: failed to connect websocket
[1789409879] stream session error: failed to connect websocket
[1789409884] stream session error: failed to connect websocket
[1789409889] stream session error: failed to connect websocket
[1789409894] stream session error: failed to connect websocket
[1789409899] stream session error: failed to connect websocket
[1789409904] stream session error: failed to connect websocket
[1789409909] stream session error: failed to connect websocket
[1789409914] stream session error: failed to connect websocket
[1789409920] stream session error: failed to connect websocket
[1789409925] stream session error: failed to connect websocket
[1789409930] stream session error: failed to connect websocket
[1789409935] stream session error: failed to connect websocket
[1789409940] stream session error: failed to connect websocket
[1789409945] stream session error: failed to connect websocket
[1789409950] stream session error: failed to connect websocket
[1789409955] stream session error: failed to connect websocket
[1789409960] stream session error: failed to connect websocket
[1789409966] stream session error: failed to connect websocket
[1789409971] stream session error: failed to connect websocket
[1789409976] stream session error: failed to connect websocket
[1789409981] stream session error: failed to connect websocket
[1789409986] stream session error: failed to connect websocket
[1789409991] stream session error: failed to connect websocket
[1789409996] stream session error: failed to connect websocket
[1789410001] stream session error: failed to connect websocket
[1789410006] stream session error: failed to connect websocket
[1789410011] stream session error: failed to connect websocket
[1789410017] stream session error: failed to connect websocket
[1789410022] stream session error: failed to connect websocket
[1789410027] stream session error: failed to connect websocket
[1789410032] stream session error: failed to connect websocket
[1789410037] stream session error: failed to connect websocket
[1789410042] stream session error: failed to connect websocket
[1789410047] stream session error: failed to connect websocket
[1789410052] stream session error: failed to connect websocket
[1789410057] stream session error: failed to connect websocket
[1789410062] stream session error: failed to connect websocket
[1789410068] stream session error: failed to connect websocket
[1789410073] stream session error: failed to connect websocket
[1789410078] stream session error: failed to connect websocket
[1789410083] stream session error: failed to connect websocket
[1789410088] stream session error: failed to connect websocket
[1789410093] stream session error: failed to connect websocket
[1789410098] stream session error: failed to connect websocket
[1789410103] stream session error: failed to connect websocket
[1789410108] stream session error: failed to connect websocket
[1789410113] stream session error: failed to connect websocket
[1789410118] stream session error: failed to connect websocket
[1789410124] stream session error: failed to connect websocket
[1789410129] stream session error: failed to connect websocket
[1789410134] stream session error: failed to connect websocket
[1789410139] stream session error: failed to connect websocket
[1789410144] stream session error: failed to connect websocket
[1789410149] stream session error: failed to connect websocket
[1789410154] stream session error: failed to connect websocket
[1789410159] stream session error: failed to connect websocket
[1789410164] stream session error: failed to connect websocket
[1789410170] stream session error: failed to connect websocket
[1789410175] stream session error: failed to connect websocket
[1789410180] stream session error: failed to connect websocket
[1789410185] stream session error: failed to connect websocket
[1789410190] stream session error: failed to connect websocket
[1789410195] stream session error: failed to connect websocket
[1789410200] stream session error: failed to connect websocket
[1789410205] stream session error: failed to connect websocket
[1789410210] stream session error: failed to connect websocket
[1789410216] stream session error: failed to connect websocket
[1789410221] stream session error: failed to connect websocket
[1789410226] stream session error: failed to connect websocket
[1789410231] stream session error: failed to connect websocket
[1789410236] stream session error: failed to connect websocket
[1789410241] stream session error: failed to connect websocket
[1789410246] stream session error: failed to connect websocket
[1789410251] stream session error: failed to connect websocket
[1789410256] stream session error: failed to connect websocket
[1789410262] stream session error: failed to connect websocket
[1789410267] stream session error: failed to connect websocket
[1789410272] stream session error: failed to connect websocket
[1789410277] stream session error: failed to connect websocket
[1789410282] stream session error: failed to connect websocket
[1789410287] stream session error: failed to connect websocket
[1789410292] stream session error: failed to connect websocket
[1789410297] stream session error: failed to connect websocket
[1789410302] stream session error: failed to connect websocket
[1789410307] stream session error: failed to connect websocket
[1789410312] stream session error: failed to connect websocket
[1789410318] stream session error: failed to connect websocket
[1789410323] stream session error: failed to connect websocket
[1789410328] stream session error: failed to connect websocket
[1789410333] stream session error: failed to connect websocket
[1789410338] stream session error: failed to connect websocket
[1789410343] stream session error: failed to connect websocket
[1789410348] stream session error: failed to connect websocket
[1789410353] stream session error: failed to connect websocket
[1789410358] stream session error: failed to connect websocket
[1789410363] stream session error: failed to connect websocket
[1789410368] stream session error: failed to connect websocket
[1789410374] stream session error: failed to connect websocket
[1789410379] stream session error: failed to connect websocket
[1789410384] stream session error: failed to connect websocket
[1789410389] stream session error: failed to connect websocket
[1789410394] stream session error: failed to connect websocket
[1789410399] stream session error: failed to connect websocket
[1789410404] stream session error: failed to connect websocket
[1789410409] stream session error: failed to connect websocket
[1789410414] stream session error: failed to connect websocket
[1789410419] stream session error: failed to connect websocket
[1789410424] stream session error: failed to connect websocket
[1789410429] stream session error: failed to connect websocket
[1789410435] stream session error: failed to connect websocket
[1789410440] stream session error: failed to connect websocket
[1789410445] stream session error: failed to connect websocket
[1789410450] stream session error: failed to connect websocket
[1789410455] stream session error: failed to connect websocket
[1789410460] stream session error: failed to connect websocket
[1789410465] stream session error: failed to connect websocket
[1789410470] stream session error: failed to connect websocket
[1789410475] stream session error: failed to connect websocket
[1789410480] stream session error: failed to connect websocket
[1789410485] stream session error: failed to connect websocket
[1789410491] stream session error: failed to connect websocket
[1789410496] stream session error: failed to connect websocket
[1789410501] stream session error: failed to connect websocket
[1789410506] stream session error: failed to connect websocket
[1789410511] stream session error: failed to connect websocket
[1789410516] stream session error: failed to connect websocket
[1789410521] stream session error: failed to connect websocket
[1789410526] stream session error: failed to connect websocket
[1789410531] stream session error: failed to connect websocket
[1789410536] stream session error: failed to connect websocket
[1789410541] stream session error: failed to connect websocket
[1789410546] stream session error: failed to connect websocket
[1789410552] stream session error: failed to connect websocket
[1789410557] stream session error: failed to connect websocket
[1789410562] stream session error: failed to connect websocket
[1789410567] stream session error: failed to connect websocket
[1789410572] stream session error: failed to connect websocket
[1789410577] stream session error: failed to connect websocket
[1789410582] stream session error: failed to connect websocket
[1789410587] stream session error: failed to connect websocket
[1789410592] stream session error: failed to connect websocket
[1789410597] stream session error: failed to connect websocket
[1789410602] stream session error: failed to connect websocket
[1789410608] stream session error: failed to connect websocket
[1789410613] stream session error: failed to connect websocket
[1789410618] stream session error: failed to connect websocket
[1789410623] stream session error: failed to connect websocket
[1789410628] stream session error: failed to connect websocket
[1789410633] stream session error: failed to connect websocket
[1789410638] stream session error: failed to connect websocket
[1789410643] stream session error: failed to connect websocket
[1789410648] stream session error: failed to connect websocket
[1789410653] stream session error: failed to connect websocket
[1789410659] stream session error: failed to connect websocket
[1789410664] stream session error: failed to connect websocket
[1789410669] stream session error: failed to connect websocket
[1789410674] stream session error: failed to connect websocket
[1789410679] stream session error: failed to connect websocket
[1789410684] stream session error: failed to connect websocket
[1789410689] stream session error: failed to connect websocket
[1789410694] stream session error: failed to connect websocket
[1789410699] stream session error: failed to connect websocket
[1789410705] stream session error: failed to connect websocket
[1789410710] stream session error: failed to connect websocket
[1789410715] stream session error: failed to connect websocket
[1789410720] stream session error: failed to connect websocket
[1789410725] stream session error: failed to connect websocket
[1789410730] stream session error: failed to connect websocket
[1789410735] stream session error: failed to connect websocket
[1789410740] stream session error: failed to connect websocket
[1789410746] stream session error: failed to connect websocket
[1789410751] stream session error: failed to connect websocket
[1789410756] stream session error: failed to connect websocket
[1789410761] stream session error: failed to connect websocket
[1789410766] stream session error: failed to connect websocket
[1789410771] stream session error: failed to connect websocket
[1789410776] stream session error: failed to connect websocket
[1789410781] stream session error: failed to connect websocket
[1789410786] stream session error: failed to connect websocket
[1789410791] stream session error: failed to connect websocket
[1789410797] stream session error: failed to connect websocket
[1789410802] stream session error: failed to connect websocket
[1789410807] stream session error: failed to connect websocket
[1789410812] stream session error: failed to connect websocket
[1789410817] stream session error: failed to connect websocket
[1789410822] stream session error: failed to connect websocket
[1789410827] stream session error: failed to connect websocket
[1789410832] stream session error: failed to connect websocket
[1789410837] stream session error: failed to connect websocket
[1789410842] stream session error: failed to connect websocket
[1789410848] stream session error: failed to connect websocket
[1789410853] stream session error: failed to connect websocket
[1789410858] stream session error: failed to connect websocket
[1789410863] stream session error: failed to connect websocket
[1789410868] stream session error: failed to connect websocket
[1789410873] stream session error: failed to connect websocket
[1789410878] stream session error: failed to connect websocket
[1789410883] stream session error: failed to connect websocket
[1789410888] stream session error: failed to connect websocket
[1789410894] stream session error: failed to connect websocket
[1789410899] stream session error: failed to connect websocket
[1789410904] stream session error: failed to connect websocket
[1789410909] stream session error: failed to connect websocket
[1789410914] stream session error: failed to connect websocket
[1789410919] stream session error: failed to connect websocket
[1789410924] stream session error: failed to connect websocket
[1789410929] stream session error: failed to connect websocket
[1789410934] stream session error: failed to connect websocket
[1789410939] stream session error: failed to connect websocket
[1789410945] stream session error: failed to connect websocket
[1789410950] stream session error: failed to connect websocket
[1789410955] stream session error: failed to connect websocket
[1789410960] stream session error: failed to connect websocket
[1789410965] stream session error: failed to connect websocket
[1789410970] stream session error: failed to connect websocket
[1789410975] stream session error: failed to connect websocket
[1789410980] stream session error: failed to connect websocket
[1789410985] stream session error: failed to connect websocket
[1789410990] stream session error: failed to connect websocket
[1789410995] stream session error: failed to connect websocket
[1789411001] stream session error: failed to connect websocket
[1789411006] stream session error: failed to connect websocket
[1789411011] stream session error: failed to connect websocket
[1789411016] stream session error: failed to connect websocket
[1789411021] stream session error: failed to connect websocket
[1789411026] stream session error: failed to connect websocket
[1789411031] stream session error: failed to connect websocket
[1789411036] stream session error: failed to connect websocket
[1789411041] stream session error: failed to connect websocket
[1789411046] stream session error: failed to connect websocket
[1789411052] stream session error: failed to connect websocket
[1789411057] stream session error: failed to connect websocket
[1789411062] stream session error: failed to connect websocket
[1789411067] stream session error: failed to connect websocket
[1789411072] stream session error: failed to connect websocket
[1789411077] stream session error: failed to connect websocket
[1789411082] stream session error: failed to connect websocket
[1789411087] stream session error: failed to connect websocket
[1789411092] stream session error: failed to connect websocket
[1789411098] stream session error: failed to connect websocket
[1789411103] stream session error: failed to connect websocket
[1789411108] stream session error: failed to connect websocket
[1789411113] stream session error: failed to connect websocket
[1789411118] stream session error: failed to connect websocket
[1789411123] stream session error: failed to connect websocket
[1789411128] stream session error: failed to connect websocket
[1789411133] stream session error: failed to connect websocket
[1789411138] stream session error: failed to connect websocket
[1789411143] stream session error: failed to connect websocket
[1789411148] stream session error: failed to connect websocket
[1789411154] stream session error: failed to connect websocket
[1789411159] stream session error: failed to connect websocket
[1789411164] stream session error: failed to connect websocket
[1789411169] stream session error: failed to connect websocket
[1789411174] stream session error: failed to connect websocket
[1789411179] stream session error: failed to connect websocket
[1789411184] stream session error: failed to connect websocket
[1789411189] stream session error: failed to connect websocket
[1789411194] stream session error: failed to connect websocket
[1789411200] stream session error: failed to connect websocket
[1789411205] stream session error: failed to connect websocket
[1789411210] stream session error: failed to connect websocket
[1789411215] stream session error: failed to connect websocket
[1789411220] stream session error: failed to connect websocket
[1789411225] stream session error: failed to connect websocket
[1789411230] stream session error: failed to connect websocket
[1789411235] stream session error: failed to connect websocket
[1789411240] stream session error: failed to connect websocket
[1789411246] stream session error: failed to connect websocket
[1789411251] stream session error: failed to connect websocket
[1789411256] stream session error: failed to connect websocket
[1789411261] stream session error: failed to connect websocket
[1789411266] stream session error: failed to connect websocket
[1789411271] stream session error: failed to connect websocket
[1789411276] stream session error: failed to connect websocket
[1789411281] stream session error: failed to connect websocket
[1789411286] stream session error: failed to connect websocket
[1789411291] stream session error: failed to connect websocket
[1789411297] stream session error: failed to connect websocket
[1789411302] stream session error: failed to connect websocket
[1789411307] stream session error: failed to connect websocket
[1789411312] stream session error: failed to connect websocket
[1789411317] stream session error: failed to connect websocket
[1789411322] stream session error: failed to connect websocket
[1789411327] stream session error: failed to connect websocket
[1789411332] stream session error: failed to connect websocket
[1789411337] stream session error: failed to connect websocket
[1789411342] stream session error: failed to connect websocket
[1789411348] stream session error: failed to connect websocket
[1789411353] stream session error: failed to connect websocket
[1789411358] stream session error: failed to connect websocket
[1789411363] stream session error: failed to connect websocket
[1789411368] stream session error: failed to connect websocket
[1789411373] stream session error: failed to connect websocket
[1789411378] stream session error: failed to connect websocket
[1789411383] stream session error: failed to connect websocket
[1789411388] stream session error: failed to connect websocket
[1789411393] stream session error: failed to connect websocket
[1789411399] stream session error: failed to connect websocket
[1789411404] stream session error: failed to connect websocket
[1789411409] stream session error: failed to connect websocket
[1789411414] stream session error: failed to connect websocket
[1789411419] stream session error: failed to connect websocket
[1789411424] stream session error: failed to connect websocket
[1789411429] stream session error: failed to connect websocket
[1789411434] stream session error: failed to connect websocket
[1789411439] stream session error: failed to connect websocket
[1789411444] stream session error: failed to connect websocket
[1789411450] stream session error: failed to connect websocket
[1789411455] stream session error: failed to connect websocket
[1789411460] stream session error: failed to connect websocket
[1789411465] stream session error: failed to connect websocket
[1789411470] stream session error: failed to connect websocket
[1789411475] stream session error: failed to connect websocket
[1789411480] stream session error: failed to connect websocket
[1789411485] stream session error: failed to connect websocket
[1789411490] stream session error: failed to connect websocket
[1789411496] stream session error: failed to connect websocket
[1789411501] stream session error: failed to connect websocket
[1789411506] stream session error: failed to connect websocket
[1789411511] stream session error: failed to connect websocket
[1789411516] stream session error: failed to connect websocket
[1789411521] stream session error: failed to connect websocket
[1789411526] stream session error: failed to connect websocket
[1789411531] stream session error: failed to connect websocket
[1789411536] stream session error: failed to connect websocket
[1789411541] stream session error: failed to connect websocket
[1789411547] stream session error: failed to connect websocket
[1789411552] stream session error: failed to connect websocket
[1789411557] stream session error: failed to connect websocket
[1789411562] stream session error: failed to connect websocket
[1789411567] stream session error: failed to connect websocket
[1789411572] stream session error: failed to connect websocket
[1789411577] stream session error: failed to connect websocket
[1789411582] stream session error: failed to connect websocket
[1789411587] stream session error: failed to connect websocket
[1789411592] stream session error: failed to connect websocket
[1789411598] stream session error: failed to connect websocket
[1789411603] stream session error: failed to connect websocket
[1789411608] stream session error: failed to connect websocket
[1789411613] stream session error: failed to connect websocket
[1789411618] stream session error: failed to connect websocket
[1789411623] stream session error: failed to connect websocket
[1789411628] stream session error: failed to connect websocket
[1789411633] stream session error: failed to connect websocket
[1789411638] stream session error: failed to connect websocket
[1789411644] stream session error: failed to connect websocket
[1789411649] stream session error: failed to connect websocket
[1789411654] stream session error: failed to connect websocket
[1789411659] stream session error: failed to connect websocket
[1789411664] stream session error: failed to connect websocket
[1789411669] stream session error: failed to connect websocket
[1789411674] stream session error: failed to connect websocket
[1789411679] stream session error: failed to connect websocket
[1789411684] stream session error: failed to connect websocket
[1789411689] stream session error: failed to connect websocket
[1789411695] stream session error: failed to connect websocket
[1789411700] stream session error: failed to connect websocket
[1789411705] stream session error: failed to connect websocket
[1789411710] stream session error: failed to connect websocket
[1789411715] stream session error: failed to connect websocket
[1789411720] stream session error: failed to connect websocket
[1789411725] stream session error: failed to connect websocket
[1789411730] stream session error: failed to connect websocket
[1789411735] stream session error: failed to connect websocket
[1789411740] stream session error: failed to connect websocket
[1789411746] stream session error: failed to connect websocket
[1789411751] stream session error: failed to connect websocket
[1789411756] stream session error: failed to connect websocket
[1789411761] stream session error: failed to connect websocket
[1789411766] stream session error: failed to connect websocket
[1789411771] stream session error: failed to connect websocket
[1789411776] stream session error: failed to connect websocket
[1789411781] stream session error: failed to connect websocket
[1789411786] stream session error: failed to connect websocket
[1789411792] stream session error: failed to connect websocket
[1789411797] stream session error: failed to connect websocket
[1789411802] stream session error: failed to connect websocket
[1789411807] stream session error: failed to connect websocket
[1789411812] stream session error: failed to connect websocket
[1789411817] stream session error: failed to connect websocket
[1789411822] stream session error: failed to connect websocket
[1789411827] stream session error: failed to connect websocket
[1789411832] stream session error: failed to connect websocket
[1789411837] stream session error: failed to connect websocket
[1789411843] stream session error: failed to connect websocket
[1789411848] stream session error: failed to connect websocket
[1789411853] stream session error: failed to connect websocket
[1789411858] stream session error: failed to connect websocket
[1789411863] stream session error: failed to connect websocket
[1789411868] stream session error: failed to connect websocket
[1789411873] stream session error: failed to connect websocket
[1789411878] stream session error: failed to connect websocket
[1789411883] stream session error: failed to connect websocket
[1789411888] stream session error: failed to connect websocket
[1789411894] stream session error: failed to connect websocket
[1789411899] stream session error: failed to connect websocket
[1789411904] stream session error: failed to connect websocket
[1789411909] stream session error: failed to connect websocket
[1789411914] stream session error: failed to connect websocket
[1789411919] stream session error: failed to connect websocket
[1789411924] stream session error: failed to connect websocket
[1789411929] stream session error: failed to connect websocket
[1789411934] stream session error: failed to connect websocket
[1789411940] stream session error: failed to connect websocket
[1789411945] stream session error: failed to connect websocket
[1789411950] stream session error: failed to connect websocket
[1789411955] stream session error: failed to connect websocket
[1789411960] stream session error: failed to connect websocket
[1789411965] stream session error: failed to connect websocket
[1789411970] stream session error: failed to connect websocket
[1789411975] stream session error: failed to connect websocket
[1789411980] stream session error: failed to connect websocket
[1789411985] stream session error: failed to connect websocket
[1789411991] stream session error: failed to connect websocket
[1789411996] stream session error: failed to connect websocket
[1789412001] stream session error: failed to connect websocket
[1789412006] stream session error: failed to connect websocket
[1789412011] stream session error: failed to connect websocket
[1789412016] stream session error: failed to connect websocket
[1789412021] stream session error: failed to connect websocket
[1789412026] stream session error: failed to connect websocket
[1789412031] stream session error: failed to connect websocket
[1789412037] stream session error: failed to connect websocket
[1789412042] stream session error: failed to connect websocket
[1789412047] stream session error: failed to connect websocket
[1789412052] stream session error: failed to connect websocket
[1789412057] stream session error: failed to connect websocket
[1789412062] stream session error: failed to connect websocket
[1789412067] stream session error: failed to connect websocket
[1789412072] stream session error: failed to connect websocket
[1789412077] stream session error: failed to connect websocket
[1789412082] stream session error: failed to connect websocket
[1789412087] stream session error: failed to connect websocket
[1789412093] stream session error: failed to connect websocket
[1789412098] stream session error: failed to connect websocket
[1789412103] stream session error: failed to connect websocket
[1789412108] stream session error: failed to connect websocket
[1789412113] stream session error: failed to connect websocket
[1789412118] stream session error: failed to connect websocket
[1789412123] stream session error: failed to connect websocket
[1789412128] stream session error: failed to connect websocket
[1789412133] stream session error: failed to connect websocket
[1789412139] stream session error: failed to connect websocket
[1789412144] stream session error: failed to connect websocket
[1789412149] stream session error: failed to connect websocket
[1789412154] stream session error: failed to connect websocket
[1789412159] stream session error: failed to connect websocket
[1789412164] stream session error: failed to connect websocket
[1789412169] stream session error: failed to connect websocket
[1789412174] stream session error: failed to connect websocket
[1789412179] stream session error: failed to connect websocket
[1789412184] stream session error: failed to connect websocket
[1789412190] stream session error: failed to connect websocket
[1789412195] stream session error: failed to connect websocket
[1789412200] stream session error: failed to connect websocket
[1789412205] stream session error: failed to connect websocket
[1789412210] stream session error: failed to connect websocket
[1789412215] stream session error: failed to connect websocket
[1789412220] stream session error: failed to connect websocket
[1789412225] stream session error: failed to connect websocket
[1789412230] stream session error: failed to connect websocket
[1789412236] stream session error: failed to connect websocket
[1789412241] stream session error: failed to connect websocket
[1789412246] stream session error: failed to connect websocket
[1789412251] stream session error: failed to connect websocket
[1789412256] stream session error: failed to connect websocket
[1789412261] stream session error: failed to connect websocket
[1789412266] stream session error: failed to connect websocket
[1789412271] stream session error: failed to connect websocket
[1789412276] stream session error: failed to connect websocket
[1789412282] stream session error: failed to connect websocket
[1789412287] stream session error: failed to connect websocket
[1789412292] stream session error: failed to connect websocket
[1789412297] stream session error: failed to connect websocket
[1789412302] stream session error: failed to connect websocket
[1789412307] stream session error: failed to connect websocket
[1789412312] stream session error: failed to connect websocket
[1789412317] stream session error: failed to connect websocket
[1789412322] stream session error: failed to connect websocket
[1789412328] stream session error: failed to connect websocket
[1789412333] stream session error: failed to connect websocket
[1789412338] stream session error: failed to connect websocket
[1789412343] stream session error: failed to connect websocket
[1789412348] stream session error: failed to connect websocket
[1789412353] stream session error: failed to connect websocket
[1789412358] stream session error: failed to connect websocket
[1789412363] stream session error: failed to connect websocket
[1789412368] stream session error: failed to connect websocket
[1789412373] stream session error: failed to connect websocket
[1789412379] stream session error: failed to connect websocket
[1789412384] stream session error: failed to connect websocket
[1789412389] stream session error: failed to connect websocket
[1789412394] stream session error: failed to connect websocket
[1789412399] stream session error: failed to connect websocket
[1789412404] stream session error: failed to connect websocket
[1789412409] stream session error: failed to connect websocket
[1789412414] stream session error: failed to connect websocket
[1789412419] stream session error: failed to connect websocket
[1789412425] stream session error: failed to connect websocket
[1789412430] stream session error: failed to connect websocket
[1789412435] stream session error: failed to connect websocket
[1789412440] stream session error: failed to connect websocket
[1789412445] stream session error: failed to connect websocket
[1789412450] stream session error: failed to connect websocket
[1789412455] stream session error: failed to connect websocket
[1789412460] stream session error: failed to connect websocket
[1789412465] stream session error: failed to connect websocket
[1789412470] stream session error: failed to connect websocket
[1789412476] stream session error: failed to connect websocket
[1789412481] stream session error: failed to connect websocket
[1789412486] stream session error: failed to connect websocket
[1789412491] stream session error: failed to connect websocket
[1789412496] stream session error: failed to connect websocket
[1789412501] stream session error: failed to connect websocket
[1789412506] stream session error: failed to connect websocket
[1789412511] stream session error: failed to connect websocket
[1789412516] stream session error: failed to connect websocket
[1789412521] stream session error: failed to connect websocket
[1789412527] stream session error: failed to connect websocket
[1789412532] stream session error: failed to connect websocket
[1789412537] stream session error: failed to connect websocket
[1789412542] stream session error: failed to connect websocket
[1789412547] stream session error: failed to connect websocket
[1789412552] stream session error: failed to connect websocket
[1789412557] stream session error: failed to connect websocket
[1789412562] stream session error: failed to connect websocket
[1789412567] stream session error: failed to connect websocket
[1789412573] stream session error: failed to connect websocket
[1789412578] stream session error: failed to connect websocket
[1789412583] stream session error: failed to connect websocket
[1789412588] stream session error: failed to connect websocket
[1789412593] stream session error: failed to connect websocket
[1789412598] stream session error: failed to connect websocket
[1789412603] stream session error: failed to connect websocket
[1789412608] stream session error: failed to connect websocket
[1789412613] stream session error: failed to connect websocket
[1789412618] stream session error: failed to connect websocket
[1789412624] stream session error: failed to connect websocket
[1789412629] stream session error: failed to connect websocket
[1789412634] stream session error: failed to connect websocket
[1789412639] stream session error: failed to connect websocket
[1789412644] stream session error: failed to connect websocket
[1789412649] stream session error: failed to connect websocket
[1789412654] stream session error: failed to connect websocket
[1789412659] stream session error: failed to connect websocket
[1789412664] stream session error: failed to connect websocket
[1789412669] stream session error: failed to connect websocket
[1789412675] stream session error: failed to connect websocket
[1789412680] stream session error: failed to connect websocket
[1789412685] stream session error: failed to connect websocket
[1789412690] stream session error: failed to connect websocket
[1789412695] stream session error: failed to connect websocket
[1789412700] stream session error: failed to connect websocket
[1789412705] stream session error: failed to connect websocket
[1789412710] stream session error: failed to connect websocket
[1789412715] stream session error: failed to connect websocket
[1789412720] stream session error: failed to connect websocket
[1789412726] stream session error: failed to connect websocket
[1789412731] stream session error: failed to connect websocket
[1789412736] stream session error: failed to connect websocket
[1789412741] stream session error: failed to connect websocket
[1789412746] stream session error: failed to connect websocket
[1789412751] stream session error: failed to connect websocket
[1789412756] stream session error: failed to connect websocket
[1789412761] stream session error: failed to connect websocket
[1789412766] stream session error: failed to connect websocket
[1789412772] stream session error: failed to connect websocket
[1789412777] stream session error: failed to connect websocket
[1789412782] stream session error: failed to connect websocket
[1789412787] stream session error: failed to connect websocket
[1789412792] stream session error: failed to connect websocket
[1789412797] stream session error: failed to connect websocket
[1789412802] stream session error: failed to connect websocket
[1789412807] stream session error: failed to connect websocket
[1789412812] stream session error: failed to connect websocket
[1789412817] stream session error: failed to connect websocket
[1789412823] stream session error: failed to connect websocket
[1789412828] stream session error: failed to connect websocket
[1789412833] stream session error: failed to connect websocket
[1789412838] stream session error: failed to connect websocket
[1789412843] stream session error: failed to connect websocket
[1789412848] stream session error: failed to connect websocket
[1789412853] stream session error: failed to connect websocket
[1789412858] stream session error: failed to connect websocket
[1789412863] stream session error: failed to connect websocket
[1789412869] stream session error: failed to connect websocket
[1789412874] stream session error: failed to connect websocket
[1789412879] stream session error: failed to connect websocket
[1789412884] stream session error: failed to connect websocket
[1789412889] stream session error: failed to connect websocket
[1789412894] stream session error: failed to connect websocket
[1789412899] stream session error: failed to connect websocket
[1789412904] stream session error: failed to connect websocket
[1789412909] stream session error: failed to connect websocket
[1789412914] stream session error: failed to connect websocket
[1789412919] stream session error: failed to connect websocket
[1789412925] stream session error: failed to connect websocket
[1789412930] stream session error: failed to connect websocket
[1789412935] stream session error: failed to connect websocket
[1789412940] stream session error: failed to connect websocket
[1789412945] stream session error: failed to connect websocket
[1789412950] stream session error: failed to connect websocket
[1789412955] stream session error: failed to connect websocket
[1789412960] stream session error: failed to connect websocket
[1789412965] stream session error: failed to connect websocket
[1789412970] stream session error: failed to connect websocket
[1789412975] stream session error: failed to connect websocket
[1789412981] stream session error: failed to connect websocket
[1789412986] stream session error: failed to connect websocket
[1789412991] stream session error: failed to connect websocket
[1789412996] stream session error: failed to connect websocket
[1789413001] stream session error: failed to connect websocket
[1789413006] stream session error: failed to connect websocket
[1789413011] stream session error: failed to connect websocket
[1789413016] stream session error: failed to connect websocket
[1789413021] stream session error: failed to connect websocket
[1789413026] stream session error: failed to connect websocket
[1789413032] stream session error: failed to connect websocket
[1789413037] stream session error: failed to connect websocket
[1789413042] stream session error: failed to connect websocket
[1789413047] stream session error: failed to connect websocket
[1789413052] stream session error: failed to connect websocket
[1789413057] stream session error: failed to connect websocket
[1789413062] stream session error: failed to connect websocket
[1789413067] stream session error: failed to connect websocket
[1789413073] stream session error: failed to connect websocket
[1789413078] stream session error: failed to connect websocket
[1789413083] stream session error: failed to connect websocket
[1789413088] stream session error: failed to connect websocket
[1789413093] stream session error: failed to connect websocket
[1789413098] stream session error: failed to connect websocket
[1789413103] stream session error: failed to connect websocket
[1789413108] stream session error: failed to connect websocket
[1789413113] stream session error: failed to connect websocket
[1789413118] stream session error: failed to connect websocket
[1789413124] stream session error: failed to connect websocket
[1789413129] stream session error: failed to connect websocket
[1789413134] stream session error: failed to connect websocket
[1789413139] stream session error: failed to connect websocket
[1789413144] stream session error: failed to connect websocket
[1789413149] stream session error: failed to connect websocket
[1789413154] stream session error: failed to connect websocket
[1789413159] stream session error: failed to connect websocket
[1789413164] stream session error: failed to connect websocket
[1789413169] stream session error: failed to connect websocket
[1789413174] stream session error: failed to connect websocket
[1789413180] stream session error: failed to connect websocket
[1789413185] stream session error: failed to connect websocket
[1789413190] stream session error: failed to connect websocket
[1789413195] stream session error: failed to connect websocket
[1789413200] stream session error: failed to connect websocket
[1789413205] stream session error: failed to connect websocket
[1789413210] stream session error: failed to connect websocket
[1789413215] stream session error: failed to connect websocket
[1789413220] stream session error: failed to connect websocket
[1789413225] stream session error: failed to connect websocket
[1789413231] stream session error: failed to connect websocket
[1789413236] stream session error: failed to connect websocket
[1789413241] stream session error: failed to connect websocket
[1789413246] stream session error: failed to connect websocket
[1789413251] stream session error: failed to connect websocket
[1789413256] stream session error: failed to connect websocket
[1789413261] stream session error: failed to connect websocket
[1789413266] stream session error: failed to connect websocket
[1789413271] stream session error: failed to connect websocket
[1789413277] stream session error: failed to connect websocket
[1789413282] stream session error: failed to connect websocket
[1789413287] stream session error: failed to connect websocket
[1789413292] stream session error: failed to connect websocket
[1789413297] stream session error: failed to connect websocket
[1789413302] stream session error: failed to connect websocket
[1789413307] stream session error: failed to connect websocket
[1789413312] stream session error: failed to connect websocket
[1789413317] stream session error: failed to connect websocket
[1789413322] stream session error: failed to connect websocket
[1789413328] stream session error: failed to connect websocket
[1789413333] stream session error: failed to connect websocket
[1789413338] stream session error: failed to connect websocket
[1789413343] stream session error: failed to connect websocket
[1789413348] stream session error: failed to connect websocket
[1789413353] stream session error: failed to connect websocket
[1789413358] stream session error: failed to connect websocket
[1789413363] stream session error: failed to connect websocket
[1789413368] stream session error: failed to connect websocket
[1789413374] stream session error: failed to connect websocket
[1789413379] stream session error: failed to connect websocket
[1789413384] stream session error: failed to connect websocket
[1789413389] stream session error: failed to connect websocket
[1789413394] stream session error: failed to connect websocket
[1789413399] stream session error: failed to connect websocket
[1789413404] stream session error: failed to connect websocket
[1789413409] stream session error: failed to connect websocket
[1789413414] stream session error: failed to connect websocket
[1789413419] stream session error: failed to connect websocket
[1789413425] stream session error: failed to connect websocket
[1789413430] stream session error: failed to connect websocket
[1789413435] stream session error: failed to connect websocket
[1789413440] stream session error: failed to connect websocket
[1789413445] stream session error: failed to connect websocket
[1789413450] stream session error: failed to connect websocket
[1789413455] stream session error: failed to connect websocket
[1789413460] stream session error: failed to connect websocket
[1789413465] stream session error: failed to connect websocket
[1789413471] stream session error: failed to connect websocket
[1789413476] stream session error: failed to connect websocket
[1789413481] stream session error: failed to connect websocket
[1789413486] stream session error: failed to connect websocket
[1789413491] stream session error: failed to connect websocket
[1789413496] stream session error: failed to connect websocket
[1789413501] stream session error: failed to connect websocket
[1789413506] stream session error: failed to connect websocket
[1789413511] stream session error: failed to connect websocket
[1789413516] stream session error: failed to connect websocket
[1789413522] stream session error: failed to connect websocket
[1789413527] stream session error: failed to connect websocket
[1789413532] stream session error: failed to connect websocket
[1789413537] stream session error: failed to connect websocket
[1789413542] stream session error: failed to connect websocket
[1789413547] stream session error: failed to connect websocket
[1789413552] stream session error: failed to connect websocket
[1789413557] stream session error: failed to connect websocket
[1789413562] stream session error: failed to connect websocket
[1789413568] stream session error: failed to connect websocket
[1789413573] stream session error: failed to connect websocket
[1789413578] stream session error: failed to connect websocket
[1789413583] stream session error: failed to connect websocket
[1789413588] stream session error: failed to connect websocket
[1789413593] stream session error: failed to connect websocket
[1789413598] stream session error: failed to connect websocket
[1789413603] stream session error: failed to connect websocket
[1789413608] stream session error: failed to connect websocket
[1789413613] stream session error: failed to connect websocket
[1789413619] stream session error: failed to connect websocket
[1789413624] stream session error: failed to connect websocket
[1789413629] stream session error: failed to connect websocket
[1789413634] stream session error: failed to connect websocket
[1789413639] stream session error: failed to connect websocket
[1789413644] stream session error: failed to connect websocket
[1789413649] stream session error: failed to connect websocket
[1789413654] stream session error: failed to connect websocket
[1789413659] stream session error: failed to connect websocket
[1789413664] stream session error: failed to connect websocket
[1789413670] stream session error: failed to connect websocket
[1789413675] stream session error: failed to connect websocket
[1789413680] stream session error: failed to connect websocket
[1789413685] stream session error: failed to connect websocket
[1789413690] stream session error: failed to connect websocket
[1789413695] stream session error: failed to connect websocket
[1789413700] stream session error: failed to connect websocket
[1789413705] stream session error: failed to connect websocket
[1789413710] stream session error: failed to connect websocket
[1789413715] stream session error: failed to connect websocket
[1789413721] stream session error: failed to connect websocket
[1789413726] stream session error: failed to connect websocket
[1789413731] stream session error: failed to connect websocket
[1789413736] stream session error: failed to connect websocket
[1789413741] stream session error: failed to connect websocket
[1789413746] stream session error: failed to connect websocket
[1789413751] stream session error: failed to connect websocket
[1789413756] stream session error: failed to connect websocket
[1789413761] stream session error: failed to connect websocket
[1789413767] stream session error: failed to connect websocket
[1789413772] stream session error: failed to connect websocket
[1789413777] stream session error: failed to connect websocket
[1789413782] stream session error: failed to connect websocket
[1789413787] stream session error: failed to connect websocket
[1789413792] stream session error: failed to connect websocket
[1789413797] stream session error: failed to connect websocket
[1789413802] stream session error: failed to connect websocket
[1789413807] stream session error: failed to connect websocket
[1789413812] stream session error: failed to connect websocket
[1789413817] stream session error: failed to connect websocket
[1789413823] stream session error: failed to connect websocket
[1789413828] stream session error: failed to connect websocket
[1789413833] stream session error: failed to connect websocket
[1789413838] stream session error: failed to connect websocket
[1789413843] stream session error: failed to connect websocket
[1789413848] stream session error: failed to connect websocket
[1789413853] stream session error: failed to connect websocket
[1789413858] stream session error: failed to connect websocket
[1789413863] stream session error: failed to connect websocket
[1789413869] stream session error: failed to connect websocket
[1789413874] stream session error: failed to connect websocket
[1789413879] stream session error: failed to connect websocket
[1789413884] stream session error: failed to connect websocket
[1789413889] stream session error: failed to connect websocket
[1789413894] stream session error: failed to connect websocket
[1789413899] stream session error: failed to connect websocket
[1789413904] stream session error: failed to connect websocket
[1789413909] stream session error: failed to connect websocket
[1789413914] stream session error: failed to connect websocket
[1789413920] stream session error: failed to connect websocket
[1789413925] stream session error: failed to connect websocket
[1789413930] stream session error: failed to connect websocket
[1789413935] stream session error: failed to connect websocket
[1789413940] stream session error: failed to connect websocket
[1789413945] stream session error: failed to connect websocket
[1789413950] stream session error: failed to connect websocket
[1789413955] stream session error: failed to connect websocket
[1789413960] stream session error: failed to connect websocket
[1789413965] stream session error: failed to connect websocket
[1789413971] stream session error: failed to connect websocket
[1789413976] stream session error: failed to connect websocket
[1789413981] stream session error: failed to connect websocket
[1789413986] stream session error: failed to connect websocket
[1789413991] stream session error: failed to connect websocket
[1789413996] stream session error: failed to connect websocket
[1789414001] stream session error: failed to connect websocket
[1789414006] stream session error: failed to connect websocket
[1789414011] stream session error: failed to connect websocket
[1789414016] stream session error: failed to connect websocket
[1789414022] stream session error: failed to connect websocket
[1789414027] stream session error: failed to connect websocket
[1789414032] stream session error: failed to connect websocket
[1789414037] stream session error: failed to connect websocket
[1789414042] stream session error: failed to connect websocket
[1789414047] stream session error: failed to connect websocket
[1789414052] stream session error: failed to connect websocket
[1789414057] stream session error: failed to connect websocket
[1789414062] stream session error: failed to connect websocket
[1789414068] stream session error: failed to connect websocket
[1789414073] stream session error: failed to connect websocket
[1789414078] stream session error: failed to connect websocket
[1789414083] stream session error: failed to connect websocket
[1789414088] stream session error: failed to connect websocket
[1789414093] stream session error: failed to connect websocket
[1789414098] stream session error: failed to connect websocket
[1789414103] stream session error: failed to connect websocket
[1789414108] stream session error: failed to connect websocket
[1789414113] stream session error: failed to connect websocket
[1789414119] stream session error: failed to connect websocket
[1789414124] stream session error: failed to connect websocket
[1789414129] stream session error: failed to connect websocket
[1789414134] stream session error: failed to connect websocket
[1789414139] stream session error: failed to connect websocket
[1789414144] stream session error: failed to connect websocket
[1789414149] stream session error: failed to connect websocket
[1789414154] stream session error: failed to connect websocket
[1789414159] stream session error: failed to connect websocket
[1789414164] stream session error: failed to connect websocket
[1789414170] stream session error: failed to connect websocket
[1789414175] stream session error: failed to connect websocket
[1789414180] stream session error: failed to connect websocket
[1789414185] stream session error: failed to connect websocket
[1789414190] stream session error: failed to connect websocket
[1789414195] stream session error: failed to connect websocket
[1789414200] stream session error: failed to connect websocket
[1789414205] stream session error: failed to connect websocket
[1789414210] stream session error: failed to connect websocket
[1789414215] stream session error: failed to connect websocket
[1789414221] stream session error: failed to connect websocket
[1789414226] stream session error: failed to connect websocket
[1789414231] stream session error: failed to connect websocket
[1789414236] stream session error: failed to connect websocket
[1789414241] stream session error: failed to connect websocket
[1789414246] stream session error: failed to connect websocket
[1789414251] stream session error: failed to connect websocket
[1789414256] stream session error: failed to connect websocket
[1789414261] stream session error: failed to connect websocket
[1789414266] stream session error: failed to connect websocket
[1789414272] stream session error: failed to connect websocket
[1789414277] stream session error: failed to connect websocket
[1789414282] stream session error: failed to connect websocket
[1789414287] stream session error: failed to connect websocket
[1789414292] stream session error: failed to connect websocket
[1789414297] stream session error: failed to connect websocket
[1789414302] stream session error: failed to connect websocket
[1789414307] stream session error: failed to connect websocket
[1789414312] stream session error: failed to connect websocket
[1789414317] stream session error: failed to connect websocket
[1789414323] stream session error: failed to connect websocket
[1789414328] stream session error: failed to connect websocket
[1789414333] stream session error: failed to connect websocket
[1789414338] stream session error: failed to connect websocket
[1789414343] stream session error: failed to connect websocket
[1789414348] stream session error: failed to connect websocket
[1789414353] stream session error: failed to connect websocket
[1789414358] stream session error: failed to connect websocket
[1789414363] stream session error: failed to connect websocket
[1789414368] stream session error: failed to connect websocket
[1789414373] stream session error: failed to connect websocket
[1789414379] stream session error: failed to connect websocket
[1789414384] stream session error: failed to connect websocket
[1789414389] stream session error: failed to connect websocket
[1789414394] stream session error: failed to connect websocket
[1789414399] stream session error: failed to connect websocket
[1789414404] stream session error: failed to connect websocket
[1789414409] stream session error: failed to connect websocket
[1789414414] stream session error: failed to connect websocket
[1789414419] stream session error: failed to connect websocket
[1789414425] stream session error: failed to connect websocket
[1789414430] stream session error: failed to connect websocket
[1789414435] stream session error: failed to connect websocket
[1789414440] stream session error: failed to connect websocket
[1789414445] stream session error: failed to connect websocket
[1789414450] stream session error: failed to connect websocket
[1789414455] stream session error: failed to connect websocket
[1789414460] stream session error: failed to connect websocket
[1789414465] stream session error: failed to connect websocket
[1789414471] stream session error: failed to connect websocket
[1789414476] stream session error: failed to connect websocket
[1789414481] stream session error: failed to connect websocket
[1789414486] stream session error: failed to connect websocket
[1789414491] stream session error: failed to connect websocket
[1789414496] stream session error: failed to connect websocket
[1789414501] stream session error: failed to connect websocket
[1789414506] stream session error: failed to connect websocket
[1789414511] stream session error: failed to connect websocket
[1789414516] stream session error: failed to connect websocket
[1789414522] stream session error: failed to connect websocket
[1789414527] stream session error: failed to connect websocket
[1789414532] stream session error: failed to connect websocket
[1789414537] stream session error: failed to connect websocket
[1789414542] stream session error: failed to connect websocket
[1789414547] stream session error: failed to connect websocket
[1789414552] stream session error: failed to connect websocket
[1789414557] stream session error: failed to connect websocket
[1789414562] stream session error: failed to connect websocket
[1789414568] stream session error: failed to connect websocket
[1789414573] stream session error: failed to connect websocket
[1789414578] stream session error: failed to connect websocket
[1789414583] stream session error: failed to connect websocket
[1789414588] stream session error: failed to connect websocket
[1789414593] stream session error: failed to connect websocket
[1789414598] stream session error: failed to connect websocket
[1789414603] stream session error: failed to connect websocket
[1789414608] stream session error: failed to connect websocket
[1789414614] stream session error: failed to connect websocket
[1789414619] stream session error: failed to connect websocket
[1789414624] stream session error: failed to connect websocket
[1789414629] stream session error: failed to connect websocket
[1789414634] stream session error: failed to connect websocket
[1789414639] stream session error: failed to connect websocket
[1789414644] stream session error: failed to connect websocket
[1789414649] stream session error: failed to connect websocket
[1789414654] stream session error: failed to connect websocket
[1789414660] stream session error: failed to connect websocket
[1789414665] stream session error: failed to connect websocket
[1789414670] stream session error: failed to connect websocket
[1789414675] stream session error: failed to connect websocket
[1789414680] stream session error: failed to connect websocket
[1789414685] stream session error: failed to connect websocket
[1789414690] stream session error: failed to connect websocket
[1789414695] stream session error: failed to connect websocket
[1789414700] stream session error: failed to connect websocket
[1789414705] stream session error: failed to connect websocket
[1789414711] stream session error: failed to connect websocket
[1789414716] stream session error: failed to connect websocket
[1789414721] stream session error: failed to connect websocket
[1789414726] stream session error: failed to connect websocket
[1789414731] stream session error: failed to connect websocket
[1789414736] stream session error: failed to connect websocket
[1789414741] stream session error: failed to connect websocket
[1789414746] stream session error: failed to connect websocket
[1789414751] stream session error: failed to connect websocket
[1789414756] stream session error: failed to connect websocket
[1789414762] stream session error: failed to connect websocket
[1789414767] stream session error: failed to connect websocket
[1789414772] stream session error: failed to connect websocket
[1789414777] stream session error: failed to connect websocket
[1789414782] stream session error: failed to connect websocket
[1789414787] stream session error: failed to connect websocket
[1789414792] stream session error: failed to connect websocket
[1789414797] stream session error: failed to connect websocket
[1789414802] stream session error: failed to connect websocket
[1789414807] stream session error: failed to connect websocket
[1789414813] stream session error: failed to connect websocket
[1789414818] stream session error: failed to connect websocket
[1789414823] stream session error: failed to connect websocket
[1789414828] stream session error: failed to connect websocket
[1789414833] stream session error: failed to connect websocket
[1789414838] stream session error: failed to connect websocket
[1789414843] stream session error: failed to connect websocket
[1789414848] stream session error: failed to connect websocket
[1789414853] stream session error: failed to connect websocket
[1789414858] stream session error: failed to connect websocket
[1789414864] stream session error: failed to connect websocket
[1789414869] stream session error: failed to connect websocket
[1789414874] stream session error: failed to connect websocket
[1789414879] stream session error: failed to connect websocket
[1789414884] stream session error: failed to connect websocket
[1789414889] stream session error: failed to connect websocket
[1789414894] stream session error: failed to connect websocket
[1789414899] stream session error: failed to connect websocket
[1789414905] stream session error: failed to connect websocket
[1789414910] stream session error: failed to connect websocket
[1789414915] stream session error: failed to connect websocket
[1789414920] stream session error: failed to connect websocket
[1789414925] stream session error: failed to connect websocket
[1789414930] stream session error: failed to connect websocket
[1789414935] stream session error: failed to connect websocket
[1789414940] stream session error: failed to connect websocket
[1789414945] stream session error: failed to connect websocket
[1789414950] stream session error: failed to connect websocket
[1789414956] stream session error: failed to connect websocket
[1789414961] stream session error: failed to connect websocket
[1789414966] stream session error: failed to connect websocket
[1789414971] stream session error: failed to connect websocket
[1789414976] stream session error: failed to connect websocket
[1789414981] stream session error: failed to connect websocket
[1789414986] stream session error: failed to connect websocket
[1789414991] stream session error: failed to connect websocket
[1789414996] stream session error: failed to connect websocket
[1789415002] stream session error: failed to connect websocket
[1789415007] stream session error: failed to connect websocket
[1789415012] stream session error: failed to connect websocket
[1789415017] stream session error: failed to connect websocket
[1789415022] stream session error: failed to connect websocket
[1789415027] stream session error: failed to connect websocket
[1789415032] stream session error: failed to connect websocket
[1789415037] stream session error: failed to connect websocket
[1789415042] stream session error: failed to connect websocket
[1789415047] stream session error: failed to connect websocket
[1789415053] stream session error: failed to connect websocket
[1789415058] stream session error: failed to connect websocket
[1789415063] stream session error: failed to connect websocket
[1789415068] stream session error: failed to connect websocket
[1789415073] stream session error: failed to connect websocket
[1789415078] stream session error: failed to connect websocket
[1789415083] stream session error: failed to connect websocket
[1789415088] stream session error: failed to connect websocket
[1789415093] stream session error: failed to connect websocket
[1789415099] stream session error: failed to connect websocket
[1789415104] stream session error: failed to connect websocket
[1789415109] stream session error: failed to connect websocket
[1789415114] stream session error: failed to connect websocket
[1789415119] stream session error: failed to connect websocket
[1789415124] stream session error: failed to connect websocket
[1789415129] stream session error: failed to connect websocket
[1789415134] stream session error: failed to connect websocket
[1789415139] stream session error: failed to connect websocket
[1789415145] stream session error: failed to connect websocket
[1789415150] stream session error: failed to connect websocket
[1789415155] stream session error: failed to connect websocket
[1789415160] stream session error: failed to connect websocket
[1789415165] stream session error: failed to connect websocket
[1789415170] stream session error: failed to connect websocket
[1789415175] stream session error: failed to connect websocket
[1789415180] stream session error: failed to connect websocket
[1789415185] stream session error: failed to connect websocket
[1789415191] stream session error: failed to connect websocket
[1789415196] stream session error: failed to connect websocket
[1789415201] stream session error: failed to connect websocket
[1789415206] stream session error: failed to connect websocket
[1789415211] stream session error: failed to connect websocket
[1789415216] stream session error: failed to connect websocket
[1789415221] stream session error: failed to connect websocket
[1789415226] stream session error: failed to connect websocket
[1789415231] stream session error: failed to connect websocket
[1789415237] stream session error: failed to connect websocket
[1789415242] stream session error: failed to connect websocket
[1789415247] stream session error: failed to connect websocket
[1789415252] stream session error: failed to connect websocket
[1789415257] stream session error: failed to connect websocket
[1789415262] stream session error: failed to connect websocket
[1789415267] stream session error: failed to connect websocket
[1789415272] stream session error: failed to connect websocket
[1789415277] stream session error: failed to connect websocket
[1789415282] stream session error: failed to connect websocket
[1789415288] stream session error: failed to connect websocket
[1789415293] stream session error: failed to connect websocket
[1789415298] stream session error: failed to connect websocket
[1789415303] stream session error: failed to connect websocket
[1789415308] stream session error: failed to connect websocket
[1789415313] stream session error: failed to connect websocket
[1789415318] stream session error: failed to connect websocket
[1789415323] stream session error: failed to connect websocket
[1789415328] stream session error: failed to connect websocket
[1789415334] stream session error: failed to connect websocket
[1789415339] stream session error: failed to connect websocket
[1789415344] stream session error: failed to connect websocket
[1789415349] stream session error: failed to connect websocket
[1789415354] stream session error: failed to connect websocket
[1789415359] stream session error: failed to connect websocket
[1789415364] stream session error: failed to connect websocket
[1789415369] stream session error: failed to connect websocket
[1789415374] stream session error: failed to connect websocket
[1789415380] stream session error: failed to connect websocket
[1789415385] stream session error: failed to connect websocket
[1789415390] stream session error: failed to connect websocket
[1789415395] stream session error: failed to connect websocket
[1789415400] stream session error: failed to connect websocket
[1789415405] stream session error: failed to connect websocket
[1789415410] stream session error: failed to connect websocket
[1789415415] stream session error: failed to connect websocket
[1789415420] stream session error: failed to connect websocket
[1789415425] stream session error: failed to connect websocket
[1789415431] stream session error: failed to connect websocket
[1789415436] stream session error: failed to connect websocket
[1789415441] stream session error: failed to connect websocket
[1789415446] stream session error: failed to connect websocket
[1789415451] stream session error: failed to connect websocket
[1789415456] stream session error: failed to connect websocket
[1789415461] stream session error: failed to connect websocket
[1789415466] stream session error: failed to connect websocket
[1789415471] stream session error: failed to connect websocket
[1789415476] stream session error: failed to connect websocket
[1789415481] stream session error: failed to connect websocket
[1789415487] stream session error: failed to connect websocket
[1789415492] stream session error: failed to connect websocket
[1789415497] stream session error: failed to connect websocket
[1789415502] stream session error: failed to connect websocket
[1789415507] stream session error: failed to connect websocket
[1789415512] stream session error: failed to connect websocket
[1789415517] stream session error: failed to connect websocket
[1789415522] stream session error: failed to connect websocket
[1789415527] stream session error: failed to connect websocket
[1789415532] stream session error: failed to connect websocket
[1789415537] stream session error: failed to connect websocket
[1789415543] stream session error: failed to connect websocket
[1789415548] stream session error: failed to connect websocket
[1789415553] stream session error: failed to connect websocket
[1789415558] stream session error: failed to connect websocket
[1789415563] stream session error: failed to connect websocket
[1789415568] stream session error: failed to connect websocket
[1789415573] stream session error: failed to connect websocket
[1789415578] stream session error: failed to connect websocket
[1789415583] stream session error: failed to connect websocket
[1789415588] stream session error: failed to connect websocket
[1789415593] stream session error: failed to connect websocket
[1789415599] stream session error: failed to connect websocket
[1789415604] stream session error: failed to connect websocket
[1789415609] stream session error: failed to connect websocket
[1789415614] stream session error: failed to connect websocket
[1789415619] stream session error: failed to connect websocket
[1789415624] stream session error: failed to connect websocket
[1789415629] stream session error: failed to connect websocket
[1789415634] stream session error: failed to connect websocket
[1789415639] stream session error: failed to connect websocket
[1789415645] stream session error: failed to connect websocket
[1789415650] stream session error: failed to connect websocket
[1789415655] stream session error: failed to connect websocket
[1789415660] stream session error: failed to connect websocket
[1789415665] stream session error: failed to connect websocket
[1789415670] stream session error: failed to connect websocket
[1789415675] stream session error: failed to connect websocket
[1789415680] stream session error: failed to connect websocket
[1789415685] stream session error: failed to connect websocket
[1789415690] stream session error: failed to connect websocket
[1789415696] stream session error: failed to connect websocket
[1789415701] stream session error: failed to connect websocket
[1789415706] stream session error: failed to connect websocket
[1789415711] stream session error: failed to connect websocket
[1789415716] stream session error: failed to connect websocket
[1789415721] stream session error: failed to connect websocket
[1789415726] stream session error: failed to connect websocket
[1789415731] stream session error: failed to connect websocket
[1789415736] stream session error: failed to connect websocket
[1789415741] stream session error: failed to connect websocket
[1789415746] stream session error: failed to connect websocket
[1789415752] stream session error: failed to connect websocket
[1789415757] stream session error: failed to connect websocket
[1789415762] stream session error: failed to connect websocket
[1789415767] stream session error: failed to connect websocket
[1789415772] stream session error: failed to connect websocket
[1789415777] stream session error: failed to connect websocket
[1789415782] stream session error: failed to connect websocket
[1789415787] stream session error: failed to connect websocket
[1789415792] stream session error: failed to connect websocket
[1789415797] stream session error: failed to connect websocket
[1789415803] stream session error: failed to connect websocket
[1789415808] stream session error: failed to connect websocket
[1789415813] stream session error: failed to connect websocket
[1789415818] stream session error: failed to connect websocket
[1789415823] stream session error: failed to connect websocket
[1789415828] stream session error: failed to connect websocket
[1789415833] stream session error: failed to connect websocket
[1789415838] stream session error: failed to connect websocket
[1789415843] stream session error: failed to connect websocket
[1789415848] stream session error: failed to connect websocket
[1789415853] stream session error: failed to connect websocket
[1789415858] stream session error: failed to connect websocket
[1789415864] stream session error: failed to connect websocket
[1789415869] stream session error: failed to connect websocket
[1789415874] stream session error: failed to connect websocket
[1789415879] stream session error: failed to connect websocket
[1789415884] stream session error: failed to connect websocket
[1789415889] stream session error: failed to connect websocket
[1789415894] stream session error: failed to connect websocket
[1789415899] stream session error: failed to connect websocket
[1789415904] stream session error: failed to connect websocket
[1789415909] stream session error: failed to connect websocket
[1789415914] stream session error: failed to connect websocket
[1789415920] stream session error: failed to connect websocket
[1789415925] stream session error: failed to connect websocket
[1789415930] stream session error: failed to connect websocket
[1789415935] stream session error: failed to connect websocket
[1789415940] stream session error: failed to connect websocket
[1789415945] stream session error: failed to connect websocket
[1789415950] stream session error: failed to connect websocket
[1789415955] stream session error: failed to connect websocket
[1789415960] stream session error: failed to connect websocket
[1789415965] stream session error: failed to connect websocket
[1789415970] stream session error: failed to connect websocket
[1789415976] stream session error: failed to connect websocket
[1789415981] stream session error: failed to connect websocket
[1789415986] stream session error: failed to connect websocket
[1789415991] stream session error: failed to connect websocket
[1789415996] stream session error: failed to connect websocket
[1789416001] stream session error: failed to connect websocket
[1789416006] stream session error: failed to connect websocket
[1789416011] stream session error: failed to connect websocket
[1789416016] stream session error: failed to connect websocket
[1789416021] stream session error: failed to connect websocket
[1789416026] stream session error: failed to connect websocket
[1789416031] stream session error: failed to connect websocket
[1789416037] stream session error: failed to connect websocket
[1789416042] stream session error: failed to connect websocket
[1789416047] stream session error: failed to connect websocket
[1789416052] stream session error: failed to connect websocket
[1789416057] stream session error: failed to connect websocket
[1789416062] stream session error: failed to connect websocket
[1789416067] stream session error: failed to connect websocket
[1789416072] stream session error: failed to connect websocket
[1789416077] stream session error: failed to connect websocket
[1789416083] stream session error: failed to connect websocket
[1789416088] stream session error: failed to connect websocket
[1789416093] stream session error: failed to connect websocket
[1789416098] stream session error: failed to connect websocket
[1789416103] stream session error: failed to connect websocket
[1789416108] stream session error: failed to connect websocket
[1789416113] stream session error: failed to connect websocket
[1789416118] stream session error: failed to connect websocket
[1789416123] stream session error: failed to connect websocket
[1789416128] stream session error: failed to connect websocket
[1789416133] stream session error: failed to connect websocket
[1789416139] stream session error: failed to connect websocket
[1789416144] stream session error: failed to connect websocket
[1789416149] stream session error: failed to connect websocket
[1789416154] stream session error: failed to connect websocket
[1789416159] stream session error: failed to connect websocket
[1789416164] stream session error: failed to connect websocket
[1789416169] stream session error: failed to connect websocket
[1789416174] stream session error: failed to connect websocket
[1789416179] stream session error: failed to connect websocket
[1789416184] stream session error: failed to connect websocket
[1789416190] stream session error: failed to connect websocket
[1789416195] stream session error: failed to connect websocket
[1789416200] stream session error: failed to connect websocket
[1789416205] stream session error: failed to connect websocket
[1789416210] stream session error: failed to connect websocket
[1789416215] stream session error: failed to connect websocket
[1789416220] stream session error: failed to connect websocket
[1789416225] stream session error: failed to connect websocket
[1789416230] stream session error: failed to connect websocket
[1789416235] stream session error: failed to connect websocket
[1789416241] stream session error: failed to connect websocket
[1789416246] stream session error: failed to connect websocket
[1789416251] stream session error: failed to connect websocket
[1789416256] stream session error: failed to connect websocket
[1789416261] stream session error: failed to connect websocket
[1789416266] stream session error: failed to connect websocket
[1789416271] stream session error: failed to connect websocket
[1789416276] stream session error: failed to connect websocket
[1789416281] stream session error: failed to connect websocket
[1789416286] stream session error: failed to connect websocket
[1789416292] stream session error: failed to connect websocket
[1789416297] stream session error: failed to connect websocket
[1789416302] stream session error: failed to connect websocket
[1789416307] stream session error: failed to connect websocket
[1789416312] stream session error: failed to connect websocket
[1789416317] stream session error: failed to connect websocket
[1789416322] stream session error: failed to connect websocket
[1789416327] stream session error: failed to connect websocket
[1789416332] stream session error: failed to connect websocket
[1789416337] stream session error: failed to connect websocket
[1789416342] stream session error: failed to connect websocket
[1789416348] stream session error: failed to connect websocket
[1789416353] stream session error: failed to connect websocket
[1789416358] stream session error: failed to connect websocket
[1789416363] stream session error: failed to connect websocket
[1789416368] stream session error: failed to connect websocket
[1789416373] stream session error: failed to connect websocket
[1789416378] stream session error: failed to connect websocket
[1789416383] stream session error: failed to connect websocket
[1789416388] stream session error: failed to connect websocket
[1789416393] stream session error: failed to connect websocket
[1789416398] stream session error: failed to connect websocket
[1789416404] stream session error: failed to connect websocket
[1789416409] stream session error: failed to connect websocket
[1789416414] stream session error: failed to connect websocket
[1789416419] stream session error: failed to connect websocket
[1789416424] stream session error: failed to connect websocket
[1789416429] stream session error: failed to connect websocket
[1789416434] stream session error: failed to connect websocket
[1789416439] stream session error: failed to connect websocket
[1789416444] stream session error: failed to connect websocket
[1789416449] stream session error: failed to connect websocket
[1789416454] stream session error: failed to connect websocket
[1789416460] stream session error: failed to connect websocket
[1789416465] stream session error: failed to connect websocket
[1789416470] stream session error: failed to connect websocket
[1789416475] stream session error: failed to connect websocket
[1789416480] stream session error: failed to connect websocket
[1789416485] stream session error: failed to connect websocket
[1789416490] stream session error: failed to connect websocket
[1789416495] stream session error: failed to connect websocket
[1789416500] stream session error: failed to connect websocket
[1789416505] stream session error: failed to connect websocket
[1789416510] stream session error: failed to connect websocket
[1789416516] stream session error: failed to connect websocket
[1789416521] stream session error: failed to connect websocket
[1789416526] stream session error: failed to connect websocket
[1789416531] stream session error: failed to connect websocket
[1789416536] stream session error: failed to connect websocket
[1789416541] stream session error: failed to connect websocket
[1789416546] stream session error: failed to connect websocket
[1789416551] stream session error: failed to connect websocket
[1789416556] stream session error: failed to connect websocket
[1789416561] stream session error: failed to connect websocket
[1789416566] stream session error: failed to connect websocket
[1789416572] stream session error: failed to connect websocket
[1789416577] stream session error: failed to connect websocket
[1789416582] stream session error: failed to connect websocket
[1789416587] stream session error: failed to connect websocket
[1789416592] stream session error: failed to connect websocket
[1789416597] stream session error: failed to connect websocket
[1789416602] stream session error: failed to connect websocket
[1789416607] stream session error: failed to connect websocket
[1789416612] stream session error: failed to connect websocket
[1789416617] stream session error: failed to connect websocket
[1789416622] stream session error: failed to connect websocket
[1789416628] stream session error: failed to connect websocket
[1789416633] stream session error: failed to connect websocket
[1789416638] stream session error: failed to connect websocket
[1789416643] stream session error: failed to connect websocket
[1789416648] stream session error: failed to connect websocket
[1789416653] stream session error: failed to connect websocket
[1789416658] stream session error: failed to connect websocket
[1789416663] stream session error: failed to connect websocket
[1789416668] stream session error: failed to connect websocket
[1789416673] stream session error: failed to connect websocket
[1789416679] stream session error: failed to connect websocket
[1789416684] stream session error: failed to connect websocket
[1789416689] stream session error: failed to connect websocket
[1789416694] stream session error: failed to connect websocket
[1789416699] stream session error: failed to connect websocket
[1789416704] stream session error: failed to connect websocket
[1789416709] stream session error: failed to connect websocket
[1789416714] stream session error: failed to connect websocket
[1789416719] stream session error: failed to connect websocket
[1789416724] stream session error: failed to connect websocket
[1789416729] stream session error: failed to connect websocket
[1789416735] stream session error: failed to connect websocket
[1789416740] stream session error: failed to connect websocket
[1789416745] stream session error: failed to connect websocket
[1789416750] stream session error: failed to connect websocket
[1789416755] stream session error: failed to connect websocket
[1789416760] stream session error: failed to connect websocket
[1789416765] stream session error: failed to connect websocket
[1789416770] stream session error: failed to connect websocket
[1789416775] stream session error: failed to connect websocket
[1789416781] stream session error: failed to connect websocket
[1789416786] stream session error: failed to connect websocket
[1789416791] stream session error: failed to connect websocket
[1789416796] stream session error: failed to connect websocket
[1789416801] stream session error: failed to connect websocket
[1789416806] stream session error: failed to connect websocket
[1789416811] stream session error: failed to connect websocket
[1789416816] stream session error: failed to connect websocket
[1789416821] stream session error: failed to connect websocket
[1789416826] stream session error: failed to connect websocket
[1789416831] stream session error: failed to connect websocket
[1789416837] stream session error: failed to connect websocket
[1789416842] stream session error: failed to connect websocket
[1789416847] stream session error: failed to connect websocket
[1789416852] stream session error: failed to connect websocket
[1789416857] stream session error: failed to connect websocket
[1789416862] stream session error: failed to connect websocket
[1789416867] stream session error: failed to connect websocket
[1789416872] stream session error: failed to connect websocket
[1789416877] stream session error: failed to connect websocket
[1789416882] stream session error: failed to connect websocket
[1789416888] stream session error: failed to connect websocket
[1789416893] stream session error: failed to connect websocket
[1789416898] stream session error: failed to connect websocket
[1789416903] stream session error: failed to connect websocket
[1789416908] stream session error: failed to connect websocket
[1789416913] stream session error: failed to connect websocket
[1789416918] stream session error: failed to connect websocket
[1789416923] stream session error: failed to connect websocket
[1789416928] stream session error: failed to connect websocket
[1789416933] stream session error: failed to connect websocket
[1789416939] stream session error: failed to connect websocket
[1789416944] stream session error: failed to connect websocket
[1789416949] stream session error: failed to connect websocket
[1789416954] stream session error: failed to connect websocket
[1789416959] stream session error: failed to connect websocket
[1789416964] stream session error: failed to connect websocket
[1789416969] stream session error: failed to connect websocket
[1789416974] stream session error: failed to connect websocket
[1789416979] stream session error: failed to connect websocket
[1789416984] stream session error: failed to connect websocket
[1789416990] stream session error: failed to connect websocket
[1789416995] stream session error: failed to connect websocket
[1789417000] stream session error: failed to connect websocket
[1789417005] stream session error: failed to connect websocket
[1789417010] stream session error: failed to connect websocket
[1789417015] stream session error: failed to connect websocket
[1789417020] stream session error: failed to connect websocket
[1789417025] stream session error: failed to connect websocket
[1789417030] stream session error: failed to connect websocket
[1789417035] stream session error: failed to connect websocket
[1789417040] stream session error: failed to connect websocket
[1789417045] stream session error: failed to connect websocket
[1789417051] stream session error: failed to connect websocket
[1789417056] stream session error: failed to connect websocket
[1789417061] stream session error: failed to connect websocket
[1789417066] stream session error: failed to connect websocket
[1789417071] stream session error: failed to connect websocket
[1789417076] stream session error: failed to connect websocket
[1789417081] stream session error: failed to connect websocket
[1789417086] stream session error: failed to connect websocket
[1789417091] stream session error: failed to connect websocket
[1789417096] stream session error: failed to connect websocket
[1789417101] stream session error: failed to connect websocket
[1789417106] stream session error: failed to connect websocket
[1789417111] stream session error: failed to connect websocket
[1789417117] stream session error: failed to connect websocket
[1789417122] stream session error: failed to connect websocket
[1789417127] stream session error: failed to connect websocket
[1789417132] stream session error: failed to connect websocket
[1789417137] stream session error: failed to connect websocket
[1789417142] stream session error: failed to connect websocket
[1789417147] stream session error: failed to connect websocket
